--------------------------------------------------------
--  파일이 생성됨 - 수요일-10월-02-2024   
--------------------------------------------------------
--------------------------------------------------------
--  DDL for Sequence CART_HISTORY_SEQ
--------------------------------------------------------

   CREATE SEQUENCE  "MAINPROJECT"."CART_HISTORY_SEQ"  MINVALUE 1 MAXVALUE 9999999999999999999999999999 INCREMENT BY 1 START WITH 112 NOCACHE  NOORDER  NOCYCLE ;
--------------------------------------------------------
--  DDL for Sequence ORDER_ID_SEQ
--------------------------------------------------------

   CREATE SEQUENCE  "MAINPROJECT"."ORDER_ID_SEQ"  MINVALUE 1 MAXVALUE 9999999999999999999999999999 INCREMENT BY 1 START WITH 136 NOCACHE  NOORDER  NOCYCLE ;
--------------------------------------------------------
--  DDL for Sequence ORDER_SEQ
--------------------------------------------------------

   CREATE SEQUENCE  "MAINPROJECT"."ORDER_SEQ"  MINVALUE 1 MAXVALUE 9999999999999999999999999999 INCREMENT BY 1 START WITH 121 NOCACHE  NOORDER  NOCYCLE ;
--------------------------------------------------------
--  DDL for Sequence PRODUCT_SEQ
--------------------------------------------------------

   CREATE SEQUENCE  "MAINPROJECT"."PRODUCT_SEQ"  MINVALUE 1 MAXVALUE 9999999999999999999999999999 INCREMENT BY 1 START WITH 31 NOCACHE  NOORDER  NOCYCLE ;
--------------------------------------------------------
--  DDL for Sequence USER_ID_SEQ
--------------------------------------------------------

   CREATE SEQUENCE  "MAINPROJECT"."USER_ID_SEQ"  MINVALUE 1 MAXVALUE 9999999999999999999999999999 INCREMENT BY 1 START WITH 66 NOCACHE  NOORDER  NOCYCLE ;
--------------------------------------------------------
--  DDL for Sequence USER_VIEW_SEQ
--------------------------------------------------------

   CREATE SEQUENCE  "MAINPROJECT"."USER_VIEW_SEQ"  MINVALUE 1 MAXVALUE 9999999999999999999999999999 INCREMENT BY 1 START WITH 394 NOCACHE  NOORDER  NOCYCLE ;
--------------------------------------------------------
--  DDL for Table CART_HISTORY
--------------------------------------------------------

  CREATE TABLE "MAINPROJECT"."CART_HISTORY" 
   (	"CART_HISTORY_ID" NUMBER, 
	"USER_ID" NUMBER, 
	"PRODUCT_ID" NUMBER, 
	"ACTION" VARCHAR2(10 BYTE), 
	"ACTION_DATE" DATE DEFAULT SYSDATE
   ) SEGMENT CREATION IMMEDIATE 
  PCTFREE 10 PCTUSED 40 INITRANS 1 MAXTRANS 255 NOCOMPRESS LOGGING
  STORAGE(INITIAL 65536 NEXT 1048576 MINEXTENTS 1 MAXEXTENTS 2147483645
  PCTINCREASE 0 FREELISTS 1 FREELIST GROUPS 1 BUFFER_POOL DEFAULT FLASH_CACHE DEFAULT CELL_FLASH_CACHE DEFAULT)
  TABLESPACE "SYSTEM" ;
--------------------------------------------------------
--  DDL for Table CART_ITEMS
--------------------------------------------------------

  CREATE TABLE "MAINPROJECT"."CART_ITEMS" 
   (	"USER_ID" NUMBER, 
	"PRODUCT_ID" NUMBER, 
	"QUANTITY" NUMBER DEFAULT 1, 
	"PRICE" NUMBER
   ) SEGMENT CREATION IMMEDIATE 
  PCTFREE 10 PCTUSED 40 INITRANS 1 MAXTRANS 255 NOCOMPRESS LOGGING
  STORAGE(INITIAL 65536 NEXT 1048576 MINEXTENTS 1 MAXEXTENTS 2147483645
  PCTINCREASE 0 FREELISTS 1 FREELIST GROUPS 1 BUFFER_POOL DEFAULT FLASH_CACHE DEFAULT CELL_FLASH_CACHE DEFAULT)
  TABLESPACE "SYSTEM" ;
--------------------------------------------------------
--  DDL for Table CATEGORIES
--------------------------------------------------------

  CREATE TABLE "MAINPROJECT"."CATEGORIES" 
   (	"CATEGORY_ID" NUMBER, 
	"CATEGORY_NAME" VARCHAR2(100 BYTE)
   ) SEGMENT CREATION IMMEDIATE 
  PCTFREE 10 PCTUSED 40 INITRANS 1 MAXTRANS 255 NOCOMPRESS LOGGING
  STORAGE(INITIAL 65536 NEXT 1048576 MINEXTENTS 1 MAXEXTENTS 2147483645
  PCTINCREASE 0 FREELISTS 1 FREELIST GROUPS 1 BUFFER_POOL DEFAULT FLASH_CACHE DEFAULT CELL_FLASH_CACHE DEFAULT)
  TABLESPACE "SYSTEM" ;
--------------------------------------------------------
--  DDL for Table ORDERS
--------------------------------------------------------

  CREATE TABLE "MAINPROJECT"."ORDERS" 
   (	"ORDER_ID" NUMBER, 
	"USER_ID" NUMBER, 
	"ORDER_DATE" DATE DEFAULT SYSDATE, 
	"TOTAL_PRICE" NUMBER, 
	"ADDRESS" VARCHAR2(100 BYTE), 
	"NAME" VARCHAR2(255 BYTE), 
	"PHONE" VARCHAR2(255 BYTE), 
	"DELIVERY" NUMBER
   ) SEGMENT CREATION IMMEDIATE 
  PCTFREE 10 PCTUSED 40 INITRANS 1 MAXTRANS 255 NOCOMPRESS LOGGING
  STORAGE(INITIAL 65536 NEXT 1048576 MINEXTENTS 1 MAXEXTENTS 2147483645
  PCTINCREASE 0 FREELISTS 1 FREELIST GROUPS 1 BUFFER_POOL DEFAULT FLASH_CACHE DEFAULT CELL_FLASH_CACHE DEFAULT)
  TABLESPACE "SYSTEM" ;
--------------------------------------------------------
--  DDL for Table ORDER_ITEMS
--------------------------------------------------------

  CREATE TABLE "MAINPROJECT"."ORDER_ITEMS" 
   (	"ORDER_ITEM_ID" NUMBER, 
	"ORDER_ID" NUMBER, 
	"PRODUCT_ID" NUMBER, 
	"QUANTITY" NUMBER DEFAULT 1, 
	"PRICE" NUMBER
   ) SEGMENT CREATION IMMEDIATE 
  PCTFREE 10 PCTUSED 40 INITRANS 1 MAXTRANS 255 NOCOMPRESS LOGGING
  STORAGE(INITIAL 65536 NEXT 1048576 MINEXTENTS 1 MAXEXTENTS 2147483645
  PCTINCREASE 0 FREELISTS 1 FREELIST GROUPS 1 BUFFER_POOL DEFAULT FLASH_CACHE DEFAULT CELL_FLASH_CACHE DEFAULT)
  TABLESPACE "SYSTEM" ;
--------------------------------------------------------
--  DDL for Table PRODUCTS
--------------------------------------------------------

  CREATE TABLE "MAINPROJECT"."PRODUCTS" 
   (	"PRODUCT_ID" NUMBER, 
	"PRODUCT_NAME" VARCHAR2(255 BYTE), 
	"CATEGORY_ID" NUMBER, 
	"PRICE" NUMBER, 
	"STOCK_QUANTITY" NUMBER DEFAULT 0, 
	"IMAGE_URL" VARCHAR2(255 BYTE), 
	"BRAND" VARCHAR2(200 BYTE)
   ) SEGMENT CREATION IMMEDIATE 
  PCTFREE 10 PCTUSED 40 INITRANS 1 MAXTRANS 255 NOCOMPRESS LOGGING
  STORAGE(INITIAL 65536 NEXT 1048576 MINEXTENTS 1 MAXEXTENTS 2147483645
  PCTINCREASE 0 FREELISTS 1 FREELIST GROUPS 1 BUFFER_POOL DEFAULT FLASH_CACHE DEFAULT CELL_FLASH_CACHE DEFAULT)
  TABLESPACE "SYSTEM" ;
--------------------------------------------------------
--  DDL for Table PRODUCT_DESCRIPTIONS
--------------------------------------------------------

  CREATE TABLE "MAINPROJECT"."PRODUCT_DESCRIPTIONS" 
   (	"DESCRIPTION_ID" NUMBER, 
	"PRODUCT_ID" NUMBER, 
	"LANGUAGE" VARCHAR2(10 BYTE), 
	"DESCRIPTION" VARCHAR2(2000 BYTE)
   ) SEGMENT CREATION IMMEDIATE 
  PCTFREE 10 PCTUSED 40 INITRANS 1 MAXTRANS 255 NOCOMPRESS LOGGING
  STORAGE(INITIAL 65536 NEXT 1048576 MINEXTENTS 1 MAXEXTENTS 2147483645
  PCTINCREASE 0 FREELISTS 1 FREELIST GROUPS 1 BUFFER_POOL DEFAULT FLASH_CACHE DEFAULT CELL_FLASH_CACHE DEFAULT)
  TABLESPACE "SYSTEM" ;
--------------------------------------------------------
--  DDL for Table USERS
--------------------------------------------------------

  CREATE TABLE "MAINPROJECT"."USERS" 
   (	"USER_ID" NUMBER, 
	"USERNAME" VARCHAR2(100 BYTE), 
	"EMAIL" VARCHAR2(255 BYTE), 
	"PASSWORD" VARCHAR2(255 BYTE), 
	"PHONE_NUMBER" VARCHAR2(20 BYTE), 
	"GRADE" VARCHAR2(20 BYTE)
   ) SEGMENT CREATION IMMEDIATE 
  PCTFREE 10 PCTUSED 40 INITRANS 1 MAXTRANS 255 NOCOMPRESS LOGGING
  STORAGE(INITIAL 65536 NEXT 1048576 MINEXTENTS 1 MAXEXTENTS 2147483645
  PCTINCREASE 0 FREELISTS 1 FREELIST GROUPS 1 BUFFER_POOL DEFAULT FLASH_CACHE DEFAULT CELL_FLASH_CACHE DEFAULT)
  TABLESPACE "SYSTEM" ;
--------------------------------------------------------
--  DDL for Table USER_VIEWS
--------------------------------------------------------

  CREATE TABLE "MAINPROJECT"."USER_VIEWS" 
   (	"VIEW_ID" NUMBER, 
	"USER_ID" NUMBER, 
	"PRODUCT_ID" NUMBER, 
	"VIEWED_AT" DATE DEFAULT SYSDATE
   ) SEGMENT CREATION IMMEDIATE 
  PCTFREE 10 PCTUSED 40 INITRANS 1 MAXTRANS 255 NOCOMPRESS LOGGING
  STORAGE(INITIAL 65536 NEXT 1048576 MINEXTENTS 1 MAXEXTENTS 2147483645
  PCTINCREASE 0 FREELISTS 1 FREELIST GROUPS 1 BUFFER_POOL DEFAULT FLASH_CACHE DEFAULT CELL_FLASH_CACHE DEFAULT)
  TABLESPACE "SYSTEM" ;
REM INSERTING into MAINPROJECT.CART_HISTORY
SET DEFINE OFF;
Insert into MAINPROJECT.CART_HISTORY (CART_HISTORY_ID,USER_ID,PRODUCT_ID,ACTION,ACTION_DATE) values (1,3,11,'ADD',to_date('24/09/19','RR/MM/DD'));
Insert into MAINPROJECT.CART_HISTORY (CART_HISTORY_ID,USER_ID,PRODUCT_ID,ACTION,ACTION_DATE) values (2,3,11,'REMOVE',to_date('24/09/19','RR/MM/DD'));
Insert into MAINPROJECT.CART_HISTORY (CART_HISTORY_ID,USER_ID,PRODUCT_ID,ACTION,ACTION_DATE) values (3,1,2,'ADD',to_date('24/09/23','RR/MM/DD'));
Insert into MAINPROJECT.CART_HISTORY (CART_HISTORY_ID,USER_ID,PRODUCT_ID,ACTION,ACTION_DATE) values (4,1,9,'ADD',to_date('24/09/23','RR/MM/DD'));
Insert into MAINPROJECT.CART_HISTORY (CART_HISTORY_ID,USER_ID,PRODUCT_ID,ACTION,ACTION_DATE) values (5,5,7,'ADD',to_date('24/09/23','RR/MM/DD'));
Insert into MAINPROJECT.CART_HISTORY (CART_HISTORY_ID,USER_ID,PRODUCT_ID,ACTION,ACTION_DATE) values (6,5,11,'ADD',to_date('24/09/23','RR/MM/DD'));
Insert into MAINPROJECT.CART_HISTORY (CART_HISTORY_ID,USER_ID,PRODUCT_ID,ACTION,ACTION_DATE) values (7,5,11,'REMOVE',to_date('24/09/23','RR/MM/DD'));
Insert into MAINPROJECT.CART_HISTORY (CART_HISTORY_ID,USER_ID,PRODUCT_ID,ACTION,ACTION_DATE) values (8,0,1,'REMOVE',to_date('24/09/23','RR/MM/DD'));
Insert into MAINPROJECT.CART_HISTORY (CART_HISTORY_ID,USER_ID,PRODUCT_ID,ACTION,ACTION_DATE) values (9,0,2,'REMOVE',to_date('24/09/23','RR/MM/DD'));
Insert into MAINPROJECT.CART_HISTORY (CART_HISTORY_ID,USER_ID,PRODUCT_ID,ACTION,ACTION_DATE) values (10,0,6,'ADD',to_date('24/09/23','RR/MM/DD'));
Insert into MAINPROJECT.CART_HISTORY (CART_HISTORY_ID,USER_ID,PRODUCT_ID,ACTION,ACTION_DATE) values (11,0,13,'ADD',to_date('24/09/23','RR/MM/DD'));
Insert into MAINPROJECT.CART_HISTORY (CART_HISTORY_ID,USER_ID,PRODUCT_ID,ACTION,ACTION_DATE) values (12,0,6,'ADD',to_date('24/09/23','RR/MM/DD'));
Insert into MAINPROJECT.CART_HISTORY (CART_HISTORY_ID,USER_ID,PRODUCT_ID,ACTION,ACTION_DATE) values (13,7,8,'ADD',to_date('24/09/25','RR/MM/DD'));
Insert into MAINPROJECT.CART_HISTORY (CART_HISTORY_ID,USER_ID,PRODUCT_ID,ACTION,ACTION_DATE) values (14,7,6,'ADD',to_date('24/09/25','RR/MM/DD'));
Insert into MAINPROJECT.CART_HISTORY (CART_HISTORY_ID,USER_ID,PRODUCT_ID,ACTION,ACTION_DATE) values (15,7,10,'ADD',to_date('24/09/25','RR/MM/DD'));
Insert into MAINPROJECT.CART_HISTORY (CART_HISTORY_ID,USER_ID,PRODUCT_ID,ACTION,ACTION_DATE) values (16,3,7,'ADD',to_date('24/09/25','RR/MM/DD'));
Insert into MAINPROJECT.CART_HISTORY (CART_HISTORY_ID,USER_ID,PRODUCT_ID,ACTION,ACTION_DATE) values (17,7,6,'REMOVE',to_date('24/09/25','RR/MM/DD'));
Insert into MAINPROJECT.CART_HISTORY (CART_HISTORY_ID,USER_ID,PRODUCT_ID,ACTION,ACTION_DATE) values (18,7,8,'REMOVE',to_date('24/09/25','RR/MM/DD'));
Insert into MAINPROJECT.CART_HISTORY (CART_HISTORY_ID,USER_ID,PRODUCT_ID,ACTION,ACTION_DATE) values (19,7,10,'REMOVE',to_date('24/09/25','RR/MM/DD'));
Insert into MAINPROJECT.CART_HISTORY (CART_HISTORY_ID,USER_ID,PRODUCT_ID,ACTION,ACTION_DATE) values (20,7,134,'ADD',to_date('24/09/25','RR/MM/DD'));
Insert into MAINPROJECT.CART_HISTORY (CART_HISTORY_ID,USER_ID,PRODUCT_ID,ACTION,ACTION_DATE) values (21,7,54,'ADD',to_date('24/09/25','RR/MM/DD'));
Insert into MAINPROJECT.CART_HISTORY (CART_HISTORY_ID,USER_ID,PRODUCT_ID,ACTION,ACTION_DATE) values (22,7,48,'ADD',to_date('24/09/25','RR/MM/DD'));
Insert into MAINPROJECT.CART_HISTORY (CART_HISTORY_ID,USER_ID,PRODUCT_ID,ACTION,ACTION_DATE) values (23,7,54,'REMOVE',to_date('24/09/25','RR/MM/DD'));
Insert into MAINPROJECT.CART_HISTORY (CART_HISTORY_ID,USER_ID,PRODUCT_ID,ACTION,ACTION_DATE) values (24,7,134,'REMOVE',to_date('24/09/25','RR/MM/DD'));
Insert into MAINPROJECT.CART_HISTORY (CART_HISTORY_ID,USER_ID,PRODUCT_ID,ACTION,ACTION_DATE) values (25,7,105,'ADD',to_date('24/09/25','RR/MM/DD'));
Insert into MAINPROJECT.CART_HISTORY (CART_HISTORY_ID,USER_ID,PRODUCT_ID,ACTION,ACTION_DATE) values (26,7,105,'REMOVE',to_date('24/09/25','RR/MM/DD'));
Insert into MAINPROJECT.CART_HISTORY (CART_HISTORY_ID,USER_ID,PRODUCT_ID,ACTION,ACTION_DATE) values (27,7,48,'REMOVE',to_date('24/09/25','RR/MM/DD'));
Insert into MAINPROJECT.CART_HISTORY (CART_HISTORY_ID,USER_ID,PRODUCT_ID,ACTION,ACTION_DATE) values (28,7,2,'ADD',to_date('24/09/25','RR/MM/DD'));
Insert into MAINPROJECT.CART_HISTORY (CART_HISTORY_ID,USER_ID,PRODUCT_ID,ACTION,ACTION_DATE) values (29,7,89,'ADD',to_date('24/09/25','RR/MM/DD'));
Insert into MAINPROJECT.CART_HISTORY (CART_HISTORY_ID,USER_ID,PRODUCT_ID,ACTION,ACTION_DATE) values (30,7,73,'ADD',to_date('24/09/25','RR/MM/DD'));
Insert into MAINPROJECT.CART_HISTORY (CART_HISTORY_ID,USER_ID,PRODUCT_ID,ACTION,ACTION_DATE) values (31,7,79,'ADD',to_date('24/09/25','RR/MM/DD'));
Insert into MAINPROJECT.CART_HISTORY (CART_HISTORY_ID,USER_ID,PRODUCT_ID,ACTION,ACTION_DATE) values (32,8,7,'ADD',to_date('24/09/25','RR/MM/DD'));
Insert into MAINPROJECT.CART_HISTORY (CART_HISTORY_ID,USER_ID,PRODUCT_ID,ACTION,ACTION_DATE) values (33,8,6,'ADD',to_date('24/09/25','RR/MM/DD'));
Insert into MAINPROJECT.CART_HISTORY (CART_HISTORY_ID,USER_ID,PRODUCT_ID,ACTION,ACTION_DATE) values (34,7,2,'REMOVE',to_date('24/09/25','RR/MM/DD'));
Insert into MAINPROJECT.CART_HISTORY (CART_HISTORY_ID,USER_ID,PRODUCT_ID,ACTION,ACTION_DATE) values (35,7,73,'REMOVE',to_date('24/09/25','RR/MM/DD'));
Insert into MAINPROJECT.CART_HISTORY (CART_HISTORY_ID,USER_ID,PRODUCT_ID,ACTION,ACTION_DATE) values (36,7,79,'REMOVE',to_date('24/09/25','RR/MM/DD'));
Insert into MAINPROJECT.CART_HISTORY (CART_HISTORY_ID,USER_ID,PRODUCT_ID,ACTION,ACTION_DATE) values (37,7,89,'REMOVE',to_date('24/09/25','RR/MM/DD'));
Insert into MAINPROJECT.CART_HISTORY (CART_HISTORY_ID,USER_ID,PRODUCT_ID,ACTION,ACTION_DATE) values (38,9,12,'ADD',to_date('24/09/25','RR/MM/DD'));
Insert into MAINPROJECT.CART_HISTORY (CART_HISTORY_ID,USER_ID,PRODUCT_ID,ACTION,ACTION_DATE) values (39,9,125,'ADD',to_date('24/09/25','RR/MM/DD'));
Insert into MAINPROJECT.CART_HISTORY (CART_HISTORY_ID,USER_ID,PRODUCT_ID,ACTION,ACTION_DATE) values (40,9,133,'ADD',to_date('24/09/25','RR/MM/DD'));
Insert into MAINPROJECT.CART_HISTORY (CART_HISTORY_ID,USER_ID,PRODUCT_ID,ACTION,ACTION_DATE) values (41,9,12,'REMOVE',to_date('24/09/25','RR/MM/DD'));
Insert into MAINPROJECT.CART_HISTORY (CART_HISTORY_ID,USER_ID,PRODUCT_ID,ACTION,ACTION_DATE) values (42,9,133,'REMOVE',to_date('24/09/25','RR/MM/DD'));
Insert into MAINPROJECT.CART_HISTORY (CART_HISTORY_ID,USER_ID,PRODUCT_ID,ACTION,ACTION_DATE) values (43,9,77,'ADD',to_date('24/09/25','RR/MM/DD'));
Insert into MAINPROJECT.CART_HISTORY (CART_HISTORY_ID,USER_ID,PRODUCT_ID,ACTION,ACTION_DATE) values (44,9,132,'ADD',to_date('24/09/25','RR/MM/DD'));
Insert into MAINPROJECT.CART_HISTORY (CART_HISTORY_ID,USER_ID,PRODUCT_ID,ACTION,ACTION_DATE) values (45,9,77,'REMOVE',to_date('24/09/25','RR/MM/DD'));
Insert into MAINPROJECT.CART_HISTORY (CART_HISTORY_ID,USER_ID,PRODUCT_ID,ACTION,ACTION_DATE) values (46,7,16,'ADD',to_date('24/09/25','RR/MM/DD'));
Insert into MAINPROJECT.CART_HISTORY (CART_HISTORY_ID,USER_ID,PRODUCT_ID,ACTION,ACTION_DATE) values (47,7,9,'ADD',to_date('24/09/25','RR/MM/DD'));
Insert into MAINPROJECT.CART_HISTORY (CART_HISTORY_ID,USER_ID,PRODUCT_ID,ACTION,ACTION_DATE) values (48,11,29,'ADD',to_date('24/09/25','RR/MM/DD'));
Insert into MAINPROJECT.CART_HISTORY (CART_HISTORY_ID,USER_ID,PRODUCT_ID,ACTION,ACTION_DATE) values (49,11,2,'ADD',to_date('24/09/25','RR/MM/DD'));
Insert into MAINPROJECT.CART_HISTORY (CART_HISTORY_ID,USER_ID,PRODUCT_ID,ACTION,ACTION_DATE) values (50,11,8,'ADD',to_date('24/09/25','RR/MM/DD'));
Insert into MAINPROJECT.CART_HISTORY (CART_HISTORY_ID,USER_ID,PRODUCT_ID,ACTION,ACTION_DATE) values (51,11,29,'REMOVE',to_date('24/09/25','RR/MM/DD'));
Insert into MAINPROJECT.CART_HISTORY (CART_HISTORY_ID,USER_ID,PRODUCT_ID,ACTION,ACTION_DATE) values (52,11,45,'ADD',to_date('24/09/25','RR/MM/DD'));
Insert into MAINPROJECT.CART_HISTORY (CART_HISTORY_ID,USER_ID,PRODUCT_ID,ACTION,ACTION_DATE) values (53,11,93,'ADD',to_date('24/09/25','RR/MM/DD'));
Insert into MAINPROJECT.CART_HISTORY (CART_HISTORY_ID,USER_ID,PRODUCT_ID,ACTION,ACTION_DATE) values (54,11,36,'ADD',to_date('24/09/25','RR/MM/DD'));
Insert into MAINPROJECT.CART_HISTORY (CART_HISTORY_ID,USER_ID,PRODUCT_ID,ACTION,ACTION_DATE) values (55,11,2,'REMOVE',to_date('24/09/25','RR/MM/DD'));
Insert into MAINPROJECT.CART_HISTORY (CART_HISTORY_ID,USER_ID,PRODUCT_ID,ACTION,ACTION_DATE) values (56,11,8,'REMOVE',to_date('24/09/25','RR/MM/DD'));
Insert into MAINPROJECT.CART_HISTORY (CART_HISTORY_ID,USER_ID,PRODUCT_ID,ACTION,ACTION_DATE) values (57,11,93,'REMOVE',to_date('24/09/25','RR/MM/DD'));
Insert into MAINPROJECT.CART_HISTORY (CART_HISTORY_ID,USER_ID,PRODUCT_ID,ACTION,ACTION_DATE) values (58,11,36,'REMOVE',to_date('24/09/25','RR/MM/DD'));
Insert into MAINPROJECT.CART_HISTORY (CART_HISTORY_ID,USER_ID,PRODUCT_ID,ACTION,ACTION_DATE) values (59,10,48,'ADD',to_date('24/09/25','RR/MM/DD'));
Insert into MAINPROJECT.CART_HISTORY (CART_HISTORY_ID,USER_ID,PRODUCT_ID,ACTION,ACTION_DATE) values (60,10,105,'ADD',to_date('24/09/25','RR/MM/DD'));
Insert into MAINPROJECT.CART_HISTORY (CART_HISTORY_ID,USER_ID,PRODUCT_ID,ACTION,ACTION_DATE) values (61,10,74,'ADD',to_date('24/09/25','RR/MM/DD'));
Insert into MAINPROJECT.CART_HISTORY (CART_HISTORY_ID,USER_ID,PRODUCT_ID,ACTION,ACTION_DATE) values (62,10,14,'ADD',to_date('24/09/25','RR/MM/DD'));
Insert into MAINPROJECT.CART_HISTORY (CART_HISTORY_ID,USER_ID,PRODUCT_ID,ACTION,ACTION_DATE) values (63,10,102,'ADD',to_date('24/09/25','RR/MM/DD'));
Insert into MAINPROJECT.CART_HISTORY (CART_HISTORY_ID,USER_ID,PRODUCT_ID,ACTION,ACTION_DATE) values (64,10,8,'ADD',to_date('24/09/25','RR/MM/DD'));
Insert into MAINPROJECT.CART_HISTORY (CART_HISTORY_ID,USER_ID,PRODUCT_ID,ACTION,ACTION_DATE) values (65,10,8,'ADD',to_date('24/09/25','RR/MM/DD'));
Insert into MAINPROJECT.CART_HISTORY (CART_HISTORY_ID,USER_ID,PRODUCT_ID,ACTION,ACTION_DATE) values (66,10,8,'REMOVE',to_date('24/09/25','RR/MM/DD'));
Insert into MAINPROJECT.CART_HISTORY (CART_HISTORY_ID,USER_ID,PRODUCT_ID,ACTION,ACTION_DATE) values (67,10,14,'REMOVE',to_date('24/09/25','RR/MM/DD'));
Insert into MAINPROJECT.CART_HISTORY (CART_HISTORY_ID,USER_ID,PRODUCT_ID,ACTION,ACTION_DATE) values (68,10,74,'REMOVE',to_date('24/09/25','RR/MM/DD'));
Insert into MAINPROJECT.CART_HISTORY (CART_HISTORY_ID,USER_ID,PRODUCT_ID,ACTION,ACTION_DATE) values (69,10,48,'REMOVE',to_date('24/09/25','RR/MM/DD'));
Insert into MAINPROJECT.CART_HISTORY (CART_HISTORY_ID,USER_ID,PRODUCT_ID,ACTION,ACTION_DATE) values (70,10,102,'REMOVE',to_date('24/09/25','RR/MM/DD'));
Insert into MAINPROJECT.CART_HISTORY (CART_HISTORY_ID,USER_ID,PRODUCT_ID,ACTION,ACTION_DATE) values (71,10,105,'REMOVE',to_date('24/09/25','RR/MM/DD'));
Insert into MAINPROJECT.CART_HISTORY (CART_HISTORY_ID,USER_ID,PRODUCT_ID,ACTION,ACTION_DATE) values (72,8,7,'ADD',to_date('24/09/25','RR/MM/DD'));
Insert into MAINPROJECT.CART_HISTORY (CART_HISTORY_ID,USER_ID,PRODUCT_ID,ACTION,ACTION_DATE) values (73,8,40,'ADD',to_date('24/09/25','RR/MM/DD'));
Insert into MAINPROJECT.CART_HISTORY (CART_HISTORY_ID,USER_ID,PRODUCT_ID,ACTION,ACTION_DATE) values (74,8,1,'ADD',to_date('24/09/25','RR/MM/DD'));
Insert into MAINPROJECT.CART_HISTORY (CART_HISTORY_ID,USER_ID,PRODUCT_ID,ACTION,ACTION_DATE) values (75,8,81,'ADD',to_date('24/09/25','RR/MM/DD'));
Insert into MAINPROJECT.CART_HISTORY (CART_HISTORY_ID,USER_ID,PRODUCT_ID,ACTION,ACTION_DATE) values (76,8,113,'ADD',to_date('24/09/25','RR/MM/DD'));
Insert into MAINPROJECT.CART_HISTORY (CART_HISTORY_ID,USER_ID,PRODUCT_ID,ACTION,ACTION_DATE) values (77,13,1,'ADD',to_date('24/09/30','RR/MM/DD'));
Insert into MAINPROJECT.CART_HISTORY (CART_HISTORY_ID,USER_ID,PRODUCT_ID,ACTION,ACTION_DATE) values (78,13,22,'ADD',to_date('24/09/30','RR/MM/DD'));
Insert into MAINPROJECT.CART_HISTORY (CART_HISTORY_ID,USER_ID,PRODUCT_ID,ACTION,ACTION_DATE) values (79,14,2,'ADD',to_date('24/09/30','RR/MM/DD'));
Insert into MAINPROJECT.CART_HISTORY (CART_HISTORY_ID,USER_ID,PRODUCT_ID,ACTION,ACTION_DATE) values (80,14,84,'ADD',to_date('24/09/30','RR/MM/DD'));
Insert into MAINPROJECT.CART_HISTORY (CART_HISTORY_ID,USER_ID,PRODUCT_ID,ACTION,ACTION_DATE) values (81,14,74,'ADD',to_date('24/09/30','RR/MM/DD'));
Insert into MAINPROJECT.CART_HISTORY (CART_HISTORY_ID,USER_ID,PRODUCT_ID,ACTION,ACTION_DATE) values (82,14,2,'REMOVE',to_date('24/09/30','RR/MM/DD'));
Insert into MAINPROJECT.CART_HISTORY (CART_HISTORY_ID,USER_ID,PRODUCT_ID,ACTION,ACTION_DATE) values (83,14,74,'REMOVE',to_date('24/09/30','RR/MM/DD'));
Insert into MAINPROJECT.CART_HISTORY (CART_HISTORY_ID,USER_ID,PRODUCT_ID,ACTION,ACTION_DATE) values (84,14,84,'REMOVE',to_date('24/09/30','RR/MM/DD'));
Insert into MAINPROJECT.CART_HISTORY (CART_HISTORY_ID,USER_ID,PRODUCT_ID,ACTION,ACTION_DATE) values (85,15,57,'ADD',to_date('24/09/30','RR/MM/DD'));
Insert into MAINPROJECT.CART_HISTORY (CART_HISTORY_ID,USER_ID,PRODUCT_ID,ACTION,ACTION_DATE) values (86,15,95,'ADD',to_date('24/09/30','RR/MM/DD'));
Insert into MAINPROJECT.CART_HISTORY (CART_HISTORY_ID,USER_ID,PRODUCT_ID,ACTION,ACTION_DATE) values (87,15,112,'ADD',to_date('24/09/30','RR/MM/DD'));
Insert into MAINPROJECT.CART_HISTORY (CART_HISTORY_ID,USER_ID,PRODUCT_ID,ACTION,ACTION_DATE) values (88,16,11,'ADD',to_date('24/09/30','RR/MM/DD'));
Insert into MAINPROJECT.CART_HISTORY (CART_HISTORY_ID,USER_ID,PRODUCT_ID,ACTION,ACTION_DATE) values (89,17,76,'ADD',to_date('24/09/30','RR/MM/DD'));
Insert into MAINPROJECT.CART_HISTORY (CART_HISTORY_ID,USER_ID,PRODUCT_ID,ACTION,ACTION_DATE) values (90,18,2,'ADD',to_date('24/09/30','RR/MM/DD'));
Insert into MAINPROJECT.CART_HISTORY (CART_HISTORY_ID,USER_ID,PRODUCT_ID,ACTION,ACTION_DATE) values (91,18,55,'ADD',to_date('24/09/30','RR/MM/DD'));
Insert into MAINPROJECT.CART_HISTORY (CART_HISTORY_ID,USER_ID,PRODUCT_ID,ACTION,ACTION_DATE) values (92,18,55,'REMOVE',to_date('24/09/30','RR/MM/DD'));
Insert into MAINPROJECT.CART_HISTORY (CART_HISTORY_ID,USER_ID,PRODUCT_ID,ACTION,ACTION_DATE) values (93,22,124,'ADD',to_date('24/09/30','RR/MM/DD'));
Insert into MAINPROJECT.CART_HISTORY (CART_HISTORY_ID,USER_ID,PRODUCT_ID,ACTION,ACTION_DATE) values (94,22,75,'ADD',to_date('24/09/30','RR/MM/DD'));
Insert into MAINPROJECT.CART_HISTORY (CART_HISTORY_ID,USER_ID,PRODUCT_ID,ACTION,ACTION_DATE) values (95,23,6,'ADD',to_date('24/09/30','RR/MM/DD'));
Insert into MAINPROJECT.CART_HISTORY (CART_HISTORY_ID,USER_ID,PRODUCT_ID,ACTION,ACTION_DATE) values (96,23,73,'ADD',to_date('24/09/30','RR/MM/DD'));
Insert into MAINPROJECT.CART_HISTORY (CART_HISTORY_ID,USER_ID,PRODUCT_ID,ACTION,ACTION_DATE) values (97,23,52,'ADD',to_date('24/09/30','RR/MM/DD'));
Insert into MAINPROJECT.CART_HISTORY (CART_HISTORY_ID,USER_ID,PRODUCT_ID,ACTION,ACTION_DATE) values (98,23,52,'ADD',to_date('24/09/30','RR/MM/DD'));
Insert into MAINPROJECT.CART_HISTORY (CART_HISTORY_ID,USER_ID,PRODUCT_ID,ACTION,ACTION_DATE) values (99,25,34,'ADD',to_date('24/09/30','RR/MM/DD'));
Insert into MAINPROJECT.CART_HISTORY (CART_HISTORY_ID,USER_ID,PRODUCT_ID,ACTION,ACTION_DATE) values (100,25,109,'ADD',to_date('24/09/30','RR/MM/DD'));
Insert into MAINPROJECT.CART_HISTORY (CART_HISTORY_ID,USER_ID,PRODUCT_ID,ACTION,ACTION_DATE) values (101,25,114,'ADD',to_date('24/09/30','RR/MM/DD'));
Insert into MAINPROJECT.CART_HISTORY (CART_HISTORY_ID,USER_ID,PRODUCT_ID,ACTION,ACTION_DATE) values (102,65,44,'ADD',to_date('24/10/02','RR/MM/DD'));
Insert into MAINPROJECT.CART_HISTORY (CART_HISTORY_ID,USER_ID,PRODUCT_ID,ACTION,ACTION_DATE) values (103,65,75,'ADD',to_date('24/10/02','RR/MM/DD'));
Insert into MAINPROJECT.CART_HISTORY (CART_HISTORY_ID,USER_ID,PRODUCT_ID,ACTION,ACTION_DATE) values (104,26,68,'ADD',to_date('24/10/02','RR/MM/DD'));
Insert into MAINPROJECT.CART_HISTORY (CART_HISTORY_ID,USER_ID,PRODUCT_ID,ACTION,ACTION_DATE) values (105,26,104,'ADD',to_date('24/10/02','RR/MM/DD'));
Insert into MAINPROJECT.CART_HISTORY (CART_HISTORY_ID,USER_ID,PRODUCT_ID,ACTION,ACTION_DATE) values (106,28,83,'ADD',to_date('24/10/02','RR/MM/DD'));
Insert into MAINPROJECT.CART_HISTORY (CART_HISTORY_ID,USER_ID,PRODUCT_ID,ACTION,ACTION_DATE) values (107,28,46,'ADD',to_date('24/10/02','RR/MM/DD'));
Insert into MAINPROJECT.CART_HISTORY (CART_HISTORY_ID,USER_ID,PRODUCT_ID,ACTION,ACTION_DATE) values (108,33,67,'ADD',to_date('24/10/02','RR/MM/DD'));
Insert into MAINPROJECT.CART_HISTORY (CART_HISTORY_ID,USER_ID,PRODUCT_ID,ACTION,ACTION_DATE) values (109,33,1,'ADD',to_date('24/10/02','RR/MM/DD'));
Insert into MAINPROJECT.CART_HISTORY (CART_HISTORY_ID,USER_ID,PRODUCT_ID,ACTION,ACTION_DATE) values (110,36,43,'ADD',to_date('24/10/02','RR/MM/DD'));
Insert into MAINPROJECT.CART_HISTORY (CART_HISTORY_ID,USER_ID,PRODUCT_ID,ACTION,ACTION_DATE) values (111,36,135,'ADD',to_date('24/10/02','RR/MM/DD'));
REM INSERTING into MAINPROJECT.CART_ITEMS
SET DEFINE OFF;
Insert into MAINPROJECT.CART_ITEMS (USER_ID,PRODUCT_ID,QUANTITY,PRICE) values (1,4,1,78000);
Insert into MAINPROJECT.CART_ITEMS (USER_ID,PRODUCT_ID,QUANTITY,PRICE) values (5,7,1,58000);
Insert into MAINPROJECT.CART_ITEMS (USER_ID,PRODUCT_ID,QUANTITY,PRICE) values (3,6,1,37800);
Insert into MAINPROJECT.CART_ITEMS (USER_ID,PRODUCT_ID,QUANTITY,PRICE) values (3,5,1,21900);
Insert into MAINPROJECT.CART_ITEMS (USER_ID,PRODUCT_ID,QUANTITY,PRICE) values (0,6,2,37800);
Insert into MAINPROJECT.CART_ITEMS (USER_ID,PRODUCT_ID,QUANTITY,PRICE) values (7,9,1,279000);
Insert into MAINPROJECT.CART_ITEMS (USER_ID,PRODUCT_ID,QUANTITY,PRICE) values (1,2,1,65900);
Insert into MAINPROJECT.CART_ITEMS (USER_ID,PRODUCT_ID,QUANTITY,PRICE) values (1,9,1,279000);
Insert into MAINPROJECT.CART_ITEMS (USER_ID,PRODUCT_ID,QUANTITY,PRICE) values (3,7,2,58000);
Insert into MAINPROJECT.CART_ITEMS (USER_ID,PRODUCT_ID,QUANTITY,PRICE) values (3,8,1,109000);
Insert into MAINPROJECT.CART_ITEMS (USER_ID,PRODUCT_ID,QUANTITY,PRICE) values (0,13,1,32900);
Insert into MAINPROJECT.CART_ITEMS (USER_ID,PRODUCT_ID,QUANTITY,PRICE) values (9,125,1,57820);
Insert into MAINPROJECT.CART_ITEMS (USER_ID,PRODUCT_ID,QUANTITY,PRICE) values (7,16,1,41000);
Insert into MAINPROJECT.CART_ITEMS (USER_ID,PRODUCT_ID,QUANTITY,PRICE) values (9,132,1,25220);
Insert into MAINPROJECT.CART_ITEMS (USER_ID,PRODUCT_ID,QUANTITY,PRICE) values (8,7,2,58000);
Insert into MAINPROJECT.CART_ITEMS (USER_ID,PRODUCT_ID,QUANTITY,PRICE) values (8,6,1,37800);
Insert into MAINPROJECT.CART_ITEMS (USER_ID,PRODUCT_ID,QUANTITY,PRICE) values (8,40,1,42800);
Insert into MAINPROJECT.CART_ITEMS (USER_ID,PRODUCT_ID,QUANTITY,PRICE) values (8,1,1,19900);
Insert into MAINPROJECT.CART_ITEMS (USER_ID,PRODUCT_ID,QUANTITY,PRICE) values (8,81,1,109000);
Insert into MAINPROJECT.CART_ITEMS (USER_ID,PRODUCT_ID,QUANTITY,PRICE) values (11,45,1,139000);
Insert into MAINPROJECT.CART_ITEMS (USER_ID,PRODUCT_ID,QUANTITY,PRICE) values (8,113,1,39000);
Insert into MAINPROJECT.CART_ITEMS (USER_ID,PRODUCT_ID,QUANTITY,PRICE) values (13,1,1,19900);
Insert into MAINPROJECT.CART_ITEMS (USER_ID,PRODUCT_ID,QUANTITY,PRICE) values (13,22,1,48150);
Insert into MAINPROJECT.CART_ITEMS (USER_ID,PRODUCT_ID,QUANTITY,PRICE) values (15,57,1,41930);
Insert into MAINPROJECT.CART_ITEMS (USER_ID,PRODUCT_ID,QUANTITY,PRICE) values (15,112,1,39900);
Insert into MAINPROJECT.CART_ITEMS (USER_ID,PRODUCT_ID,QUANTITY,PRICE) values (15,95,1,140400);
Insert into MAINPROJECT.CART_ITEMS (USER_ID,PRODUCT_ID,QUANTITY,PRICE) values (16,11,1,184000);
Insert into MAINPROJECT.CART_ITEMS (USER_ID,PRODUCT_ID,QUANTITY,PRICE) values (17,76,1,129000);
Insert into MAINPROJECT.CART_ITEMS (USER_ID,PRODUCT_ID,QUANTITY,PRICE) values (18,2,1,65900);
Insert into MAINPROJECT.CART_ITEMS (USER_ID,PRODUCT_ID,QUANTITY,PRICE) values (23,6,1,37800);
Insert into MAINPROJECT.CART_ITEMS (USER_ID,PRODUCT_ID,QUANTITY,PRICE) values (22,124,1,47000);
Insert into MAINPROJECT.CART_ITEMS (USER_ID,PRODUCT_ID,QUANTITY,PRICE) values (22,75,1,59900);
Insert into MAINPROJECT.CART_ITEMS (USER_ID,PRODUCT_ID,QUANTITY,PRICE) values (23,73,1,5590);
Insert into MAINPROJECT.CART_ITEMS (USER_ID,PRODUCT_ID,QUANTITY,PRICE) values (23,52,2,19900);
Insert into MAINPROJECT.CART_ITEMS (USER_ID,PRODUCT_ID,QUANTITY,PRICE) values (25,34,1,99000);
Insert into MAINPROJECT.CART_ITEMS (USER_ID,PRODUCT_ID,QUANTITY,PRICE) values (25,109,1,62700);
Insert into MAINPROJECT.CART_ITEMS (USER_ID,PRODUCT_ID,QUANTITY,PRICE) values (25,114,1,9000);
Insert into MAINPROJECT.CART_ITEMS (USER_ID,PRODUCT_ID,QUANTITY,PRICE) values (65,44,1,53000);
Insert into MAINPROJECT.CART_ITEMS (USER_ID,PRODUCT_ID,QUANTITY,PRICE) values (65,75,1,59900);
Insert into MAINPROJECT.CART_ITEMS (USER_ID,PRODUCT_ID,QUANTITY,PRICE) values (26,68,1,17000);
Insert into MAINPROJECT.CART_ITEMS (USER_ID,PRODUCT_ID,QUANTITY,PRICE) values (26,104,1,28900);
Insert into MAINPROJECT.CART_ITEMS (USER_ID,PRODUCT_ID,QUANTITY,PRICE) values (28,83,1,92450);
Insert into MAINPROJECT.CART_ITEMS (USER_ID,PRODUCT_ID,QUANTITY,PRICE) values (28,46,1,159000);
Insert into MAINPROJECT.CART_ITEMS (USER_ID,PRODUCT_ID,QUANTITY,PRICE) values (33,67,1,29900);
Insert into MAINPROJECT.CART_ITEMS (USER_ID,PRODUCT_ID,QUANTITY,PRICE) values (33,1,1,19900);
Insert into MAINPROJECT.CART_ITEMS (USER_ID,PRODUCT_ID,QUANTITY,PRICE) values (36,43,1,14790);
Insert into MAINPROJECT.CART_ITEMS (USER_ID,PRODUCT_ID,QUANTITY,PRICE) values (36,135,1,22600);
REM INSERTING into MAINPROJECT.CATEGORIES
SET DEFINE OFF;
Insert into MAINPROJECT.CATEGORIES (CATEGORY_ID,CATEGORY_NAME) values (1,'MOUSE');
Insert into MAINPROJECT.CATEGORIES (CATEGORY_ID,CATEGORY_NAME) values (2,'KEYBOARD');
Insert into MAINPROJECT.CATEGORIES (CATEGORY_ID,CATEGORY_NAME) values (3,'MONITOR');
Insert into MAINPROJECT.CATEGORIES (CATEGORY_ID,CATEGORY_NAME) values (4,'WEBCAM');
Insert into MAINPROJECT.CATEGORIES (CATEGORY_ID,CATEGORY_NAME) values (5,'SPEAKER');
Insert into MAINPROJECT.CATEGORIES (CATEGORY_ID,CATEGORY_NAME) values (6,'HEADSET');
REM INSERTING into MAINPROJECT.ORDERS
SET DEFINE OFF;
Insert into MAINPROJECT.ORDERS (ORDER_ID,USER_ID,ORDER_DATE,TOTAL_PRICE,ADDRESS,NAME,PHONE,DELIVERY) values (17,3,to_date('24/09/10','RR/MM/DD'),null,null,null,null,null);
Insert into MAINPROJECT.ORDERS (ORDER_ID,USER_ID,ORDER_DATE,TOTAL_PRICE,ADDRESS,NAME,PHONE,DELIVERY) values (18,3,to_date('24/09/10','RR/MM/DD'),null,null,null,null,null);
Insert into MAINPROJECT.ORDERS (ORDER_ID,USER_ID,ORDER_DATE,TOTAL_PRICE,ADDRESS,NAME,PHONE,DELIVERY) values (19,3,to_date('24/09/10','RR/MM/DD'),null,null,null,null,null);
Insert into MAINPROJECT.ORDERS (ORDER_ID,USER_ID,ORDER_DATE,TOTAL_PRICE,ADDRESS,NAME,PHONE,DELIVERY) values (20,3,to_date('24/09/10','RR/MM/DD'),378000,'asd',null,'asd',null);
Insert into MAINPROJECT.ORDERS (ORDER_ID,USER_ID,ORDER_DATE,TOTAL_PRICE,ADDRESS,NAME,PHONE,DELIVERY) values (15,3,to_date('24/09/10','RR/MM/DD'),null,null,null,null,null);
Insert into MAINPROJECT.ORDERS (ORDER_ID,USER_ID,ORDER_DATE,TOTAL_PRICE,ADDRESS,NAME,PHONE,DELIVERY) values (16,3,to_date('24/09/10','RR/MM/DD'),null,null,null,null,null);
Insert into MAINPROJECT.ORDERS (ORDER_ID,USER_ID,ORDER_DATE,TOTAL_PRICE,ADDRESS,NAME,PHONE,DELIVERY) values (21,3,to_date('24/09/10','RR/MM/DD'),378000,'bbb',null,'1',null);
Insert into MAINPROJECT.ORDERS (ORDER_ID,USER_ID,ORDER_DATE,TOTAL_PRICE,ADDRESS,NAME,PHONE,DELIVERY) values (22,3,to_date('24/09/10','RR/MM/DD'),378000,'bbb',null,'1',null);
Insert into MAINPROJECT.ORDERS (ORDER_ID,USER_ID,ORDER_DATE,TOTAL_PRICE,ADDRESS,NAME,PHONE,DELIVERY) values (23,3,to_date('24/09/10','RR/MM/DD'),378000,'bbb',null,'1',null);
Insert into MAINPROJECT.ORDERS (ORDER_ID,USER_ID,ORDER_DATE,TOTAL_PRICE,ADDRESS,NAME,PHONE,DELIVERY) values (24,3,to_date('24/09/10','RR/MM/DD'),328000,'경기 화성시 동탄숲속로 36 (능동, 동탄숲속마을모아미래도2단지)',null,'111111111',null);
Insert into MAINPROJECT.ORDERS (ORDER_ID,USER_ID,ORDER_DATE,TOTAL_PRICE,ADDRESS,NAME,PHONE,DELIVERY) values (25,3,to_date('24/09/10','RR/MM/DD'),278000,'abcdef',null,'123123',null);
Insert into MAINPROJECT.ORDERS (ORDER_ID,USER_ID,ORDER_DATE,TOTAL_PRICE,ADDRESS,NAME,PHONE,DELIVERY) values (26,3,to_date('24/09/10','RR/MM/DD'),418000,'집','이이이','010',null);
Insert into MAINPROJECT.ORDERS (ORDER_ID,USER_ID,ORDER_DATE,TOTAL_PRICE,ADDRESS,NAME,PHONE,DELIVERY) values (27,3,to_date('24/09/12','RR/MM/DD'),728000,'basdasdasdasdasdasdasdasdasdasdasdasd','lyw123123','123123',null);
Insert into MAINPROJECT.ORDERS (ORDER_ID,USER_ID,ORDER_DATE,TOTAL_PRICE,ADDRESS,NAME,PHONE,DELIVERY) values (28,3,to_date('24/09/12','RR/MM/DD'),278000,'baba','baba','baba',null);
Insert into MAINPROJECT.ORDERS (ORDER_ID,USER_ID,ORDER_DATE,TOTAL_PRICE,ADDRESS,NAME,PHONE,DELIVERY) values (29,3,to_date('24/09/12','RR/MM/DD'),328000,'caca','caca','caca',null);
Insert into MAINPROJECT.ORDERS (ORDER_ID,USER_ID,ORDER_DATE,TOTAL_PRICE,ADDRESS,NAME,PHONE,DELIVERY) values (30,3,to_date('24/09/12','RR/MM/DD'),0,null,null,null,null);
Insert into MAINPROJECT.ORDERS (ORDER_ID,USER_ID,ORDER_DATE,TOTAL_PRICE,ADDRESS,NAME,PHONE,DELIVERY) values (31,3,to_date('24/09/12','RR/MM/DD'),378000,'qqqq','qqqq','qqqq',null);
Insert into MAINPROJECT.ORDERS (ORDER_ID,USER_ID,ORDER_DATE,TOTAL_PRICE,ADDRESS,NAME,PHONE,DELIVERY) values (32,3,to_date('24/09/12','RR/MM/DD'),null,'rrrr','rrrr','rrrr',null);
Insert into MAINPROJECT.ORDERS (ORDER_ID,USER_ID,ORDER_DATE,TOTAL_PRICE,ADDRESS,NAME,PHONE,DELIVERY) values (33,3,to_date('24/09/12','RR/MM/DD'),null,'qwqwqw','qqwqw','qwqwqw',null);
Insert into MAINPROJECT.ORDERS (ORDER_ID,USER_ID,ORDER_DATE,TOTAL_PRICE,ADDRESS,NAME,PHONE,DELIVERY) values (34,3,to_date('24/09/12','RR/MM/DD'),378000,'bbbbbbbbbbbbb','bbbbbbbbbbbb','bbbbbbbbbbbbb',null);
Insert into MAINPROJECT.ORDERS (ORDER_ID,USER_ID,ORDER_DATE,TOTAL_PRICE,ADDRESS,NAME,PHONE,DELIVERY) values (35,3,to_date('24/09/12','RR/MM/DD'),228000,'aaq','aaq','aaq',null);
Insert into MAINPROJECT.ORDERS (ORDER_ID,USER_ID,ORDER_DATE,TOTAL_PRICE,ADDRESS,NAME,PHONE,DELIVERY) values (36,3,to_date('24/09/12','RR/MM/DD'),88000,'111','111','111',null);
Insert into MAINPROJECT.ORDERS (ORDER_ID,USER_ID,ORDER_DATE,TOTAL_PRICE,ADDRESS,NAME,PHONE,DELIVERY) values (37,3,to_date('24/09/12','RR/MM/DD'),378000,'222','222','2222',null);
Insert into MAINPROJECT.ORDERS (ORDER_ID,USER_ID,ORDER_DATE,TOTAL_PRICE,ADDRESS,NAME,PHONE,DELIVERY) values (38,3,to_date('24/09/12','RR/MM/DD'),null,'qweqwe','qwewqe','qwewqe',null);
Insert into MAINPROJECT.ORDERS (ORDER_ID,USER_ID,ORDER_DATE,TOTAL_PRICE,ADDRESS,NAME,PHONE,DELIVERY) values (39,3,to_date('24/09/12','RR/MM/DD'),328000,'asd','asd','asd',null);
Insert into MAINPROJECT.ORDERS (ORDER_ID,USER_ID,ORDER_DATE,TOTAL_PRICE,ADDRESS,NAME,PHONE,DELIVERY) values (40,3,to_date('24/09/12','RR/MM/DD'),378000,'ㅠㅠㅠ','ㅠㅠㅠ','ㅠㅠㅠ',null);
Insert into MAINPROJECT.ORDERS (ORDER_ID,USER_ID,ORDER_DATE,TOTAL_PRICE,ADDRESS,NAME,PHONE,DELIVERY) values (41,3,to_date('24/09/12','RR/MM/DD'),88000,'123123','123123','123123',null);
Insert into MAINPROJECT.ORDERS (ORDER_ID,USER_ID,ORDER_DATE,TOTAL_PRICE,ADDRESS,NAME,PHONE,DELIVERY) values (42,3,to_date('24/09/12','RR/MM/DD'),138000,'글로벌아카데미','TEST','01099856572',null);
Insert into MAINPROJECT.ORDERS (ORDER_ID,USER_ID,ORDER_DATE,TOTAL_PRICE,ADDRESS,NAME,PHONE,DELIVERY) values (43,3,to_date('24/09/12','RR/MM/DD'),153000,'글로벌아카데미','lyw','01099856572',null);
Insert into MAINPROJECT.ORDERS (ORDER_ID,USER_ID,ORDER_DATE,TOTAL_PRICE,ADDRESS,NAME,PHONE,DELIVERY) values (44,3,to_date('24/09/12','RR/MM/DD'),683000,'경기 화성시 동탄숲속로 36 (능동, 동탄숲속마을모아미래도2단지)','lyw','333333333',null);
Insert into MAINPROJECT.ORDERS (ORDER_ID,USER_ID,ORDER_DATE,TOTAL_PRICE,ADDRESS,NAME,PHONE,DELIVERY) values (45,3,to_date('24/09/12','RR/MM/DD'),328000,'avsasv','vasasv','asvasv',null);
Insert into MAINPROJECT.ORDERS (ORDER_ID,USER_ID,ORDER_DATE,TOTAL_PRICE,ADDRESS,NAME,PHONE,DELIVERY) values (46,3,to_date('24/09/12','RR/MM/DD'),148000,'경기 화성시 동탄숲속로 36 (능동, 동탄숲속마을모아미래도2단지)','lyw','01099856572',null);
Insert into MAINPROJECT.ORDERS (ORDER_ID,USER_ID,ORDER_DATE,TOTAL_PRICE,ADDRESS,NAME,PHONE,DELIVERY) values (47,3,to_date('24/09/12','RR/MM/DD'),88000,'글로벌아카데미','lyw','01099856572',null);
Insert into MAINPROJECT.ORDERS (ORDER_ID,USER_ID,ORDER_DATE,TOTAL_PRICE,ADDRESS,NAME,PHONE,DELIVERY) values (48,3,to_date('24/09/12','RR/MM/DD'),183000,'dada','dada','dada',null);
Insert into MAINPROJECT.ORDERS (ORDER_ID,USER_ID,ORDER_DATE,TOTAL_PRICE,ADDRESS,NAME,PHONE,DELIVERY) values (49,3,to_date('24/09/12','RR/MM/DD'),428000,'글로벌아카데미','lyw','01099856572',null);
Insert into MAINPROJECT.ORDERS (ORDER_ID,USER_ID,ORDER_DATE,TOTAL_PRICE,ADDRESS,NAME,PHONE,DELIVERY) values (50,3,to_date('24/09/12','RR/MM/DD'),183000,'ㅠㅠㅠ','lyw','c',null);
Insert into MAINPROJECT.ORDERS (ORDER_ID,USER_ID,ORDER_DATE,TOTAL_PRICE,ADDRESS,NAME,PHONE,DELIVERY) values (51,3,to_date('24/09/12','RR/MM/DD'),378000,'abab','abab','abab',null);
Insert into MAINPROJECT.ORDERS (ORDER_ID,USER_ID,ORDER_DATE,TOTAL_PRICE,ADDRESS,NAME,PHONE,DELIVERY) values (52,3,to_date('24/09/12','RR/MM/DD'),1968000,'ㅁ','ㅁ','ㅁㅁ',null);
Insert into MAINPROJECT.ORDERS (ORDER_ID,USER_ID,ORDER_DATE,TOTAL_PRICE,ADDRESS,NAME,PHONE,DELIVERY) values (53,3,to_date('24/09/12','RR/MM/DD'),278000,'ㄴㄴ','ㅁㅁ','ㅁㅁ',null);
Insert into MAINPROJECT.ORDERS (ORDER_ID,USER_ID,ORDER_DATE,TOTAL_PRICE,ADDRESS,NAME,PHONE,DELIVERY) values (54,0,to_date('24/09/12','RR/MM/DD'),98800,'ㅁㄴㅇ','ㅁㄴㅇ','ㅁㄴㅇ',null);
Insert into MAINPROJECT.ORDERS (ORDER_ID,USER_ID,ORDER_DATE,TOTAL_PRICE,ADDRESS,NAME,PHONE,DELIVERY) values (55,0,to_date('24/09/12','RR/MM/DD'),88800,'ㅁㅁㅁ','ㅁㅁㅁ','ㅁㅁㅁ',null);
Insert into MAINPROJECT.ORDERS (ORDER_ID,USER_ID,ORDER_DATE,TOTAL_PRICE,ADDRESS,NAME,PHONE,DELIVERY) values (56,0,to_date('24/09/12','RR/MM/DD'),692000,'ㅁㅁㅁㅁ','ㅁㅁㅁㅁ','ㅁㅁㅁㅁ',null);
Insert into MAINPROJECT.ORDERS (ORDER_ID,USER_ID,ORDER_DATE,TOTAL_PRICE,ADDRESS,NAME,PHONE,DELIVERY) values (57,0,to_date('24/09/12','RR/MM/DD'),371000,'ㄹㄹㄹ','ㄹㄹㄹ','ㄹㄹㄹ',null);
Insert into MAINPROJECT.ORDERS (ORDER_ID,USER_ID,ORDER_DATE,TOTAL_PRICE,ADDRESS,NAME,PHONE,DELIVERY) values (58,0,to_date('24/09/12','RR/MM/DD'),286500,'ㅇㅇㅇ','ㅇㅇㅇ','ㅇㅇㅇ',null);
Insert into MAINPROJECT.ORDERS (ORDER_ID,USER_ID,ORDER_DATE,TOTAL_PRICE,ADDRESS,NAME,PHONE,DELIVERY) values (59,0,to_date('24/09/12','RR/MM/DD'),286500,'ㅇㅇㅇㅇ','ㅇㅇㅇㅇ','ㅇㅇㅇㅇ',null);
Insert into MAINPROJECT.ORDERS (ORDER_ID,USER_ID,ORDER_DATE,TOTAL_PRICE,ADDRESS,NAME,PHONE,DELIVERY) values (60,1,to_date('24/09/12','RR/MM/DD'),252900,'111','111','111',null);
Insert into MAINPROJECT.ORDERS (ORDER_ID,USER_ID,ORDER_DATE,TOTAL_PRICE,ADDRESS,NAME,PHONE,DELIVERY) values (61,1,to_date('24/09/12','RR/MM/DD'),22900,'a','1','a',null);
Insert into MAINPROJECT.ORDERS (ORDER_ID,USER_ID,ORDER_DATE,TOTAL_PRICE,ADDRESS,NAME,PHONE,DELIVERY) values (62,1,to_date('24/09/12','RR/MM/DD'),1172900,'v','v','v',null);
Insert into MAINPROJECT.ORDERS (ORDER_ID,USER_ID,ORDER_DATE,TOTAL_PRICE,ADDRESS,NAME,PHONE,DELIVERY) values (63,3,to_date('24/09/12','RR/MM/DD'),1001200,'bba','bba','bba',null);
Insert into MAINPROJECT.ORDERS (ORDER_ID,USER_ID,ORDER_DATE,TOTAL_PRICE,ADDRESS,NAME,PHONE,DELIVERY) values (64,3,to_date('24/09/13','RR/MM/DD'),61000,'qq','qq','qq',null);
Insert into MAINPROJECT.ORDERS (ORDER_ID,USER_ID,ORDER_DATE,TOTAL_PRICE,ADDRESS,NAME,PHONE,DELIVERY) values (65,3,to_date('24/09/13','RR/MM/DD'),22900,'ww','ww','ww',null);
Insert into MAINPROJECT.ORDERS (ORDER_ID,USER_ID,ORDER_DATE,TOTAL_PRICE,ADDRESS,NAME,PHONE,DELIVERY) values (66,1,to_date('24/09/13','RR/MM/DD'),609900,'qwewqe','qweqwe','qweqwe',null);
Insert into MAINPROJECT.ORDERS (ORDER_ID,USER_ID,ORDER_DATE,TOTAL_PRICE,ADDRESS,NAME,PHONE,DELIVERY) values (67,3,to_date('24/09/13','RR/MM/DD'),315900,'va','va','va',null);
Insert into MAINPROJECT.ORDERS (ORDER_ID,USER_ID,ORDER_DATE,TOTAL_PRICE,ADDRESS,NAME,PHONE,DELIVERY) values (68,3,to_date('24/09/13','RR/MM/DD'),68900,'v2','v2','v2',null);
Insert into MAINPROJECT.ORDERS (ORDER_ID,USER_ID,ORDER_DATE,TOTAL_PRICE,ADDRESS,NAME,PHONE,DELIVERY) values (69,3,to_date('24/09/22','RR/MM/DD'),469600,'aasd','aasd','aasd',null);
Insert into MAINPROJECT.ORDERS (ORDER_ID,USER_ID,ORDER_DATE,TOTAL_PRICE,ADDRESS,NAME,PHONE,DELIVERY) values (70,1,to_date('24/09/23','RR/MM/DD'),503900,'집','이용운','010',null);
Insert into MAINPROJECT.ORDERS (ORDER_ID,USER_ID,ORDER_DATE,TOTAL_PRICE,ADDRESS,NAME,PHONE,DELIVERY) values (71,0,to_date('24/09/23','RR/MM/DD'),73700,'집','lyw','111',null);
Insert into MAINPROJECT.ORDERS (ORDER_ID,USER_ID,ORDER_DATE,TOTAL_PRICE,ADDRESS,NAME,PHONE,DELIVERY) values (72,1,to_date('24/09/24','RR/MM/DD'),24900,'asd','asd','asd',null);
Insert into MAINPROJECT.ORDERS (ORDER_ID,USER_ID,ORDER_DATE,TOTAL_PRICE,ADDRESS,NAME,PHONE,DELIVERY) values (73,7,to_date('24/09/25','RR/MM/DD'),507800,'경기도 화성시 글로벌아카데미','안현진','010',1);
Insert into MAINPROJECT.ORDERS (ORDER_ID,USER_ID,ORDER_DATE,TOTAL_PRICE,ADDRESS,NAME,PHONE,DELIVERY) values (74,7,to_date('24/09/25','RR/MM/DD'),32900,'fg','안현진','azsewt',1);
Insert into MAINPROJECT.ORDERS (ORDER_ID,USER_ID,ORDER_DATE,TOTAL_PRICE,ADDRESS,NAME,PHONE,DELIVERY) values (75,7,to_date('24/09/25','RR/MM/DD'),67990,'경기도 화성시 글로벌아카데미','안현진','010',1);
Insert into MAINPROJECT.ORDERS (ORDER_ID,USER_ID,ORDER_DATE,TOTAL_PRICE,ADDRESS,NAME,PHONE,DELIVERY) values (76,7,to_date('24/09/25','RR/MM/DD'),8590,'경기도 화성시 글로벌아카데미','안현진','010',null);
Insert into MAINPROJECT.ORDERS (ORDER_ID,USER_ID,ORDER_DATE,TOTAL_PRICE,ADDRESS,NAME,PHONE,DELIVERY) values (77,8,to_date('24/09/25','RR/MM/DD'),98800,'경기도 화성시 글로벌아카데미','김이박','54',null);
Insert into MAINPROJECT.ORDERS (ORDER_ID,USER_ID,ORDER_DATE,TOTAL_PRICE,ADDRESS,NAME,PHONE,DELIVERY) values (78,7,to_date('24/09/25','RR/MM/DD'),22900,'경기도 화성시 글로벌아카데미','안현진','azsewt',null);
Insert into MAINPROJECT.ORDERS (ORDER_ID,USER_ID,ORDER_DATE,TOTAL_PRICE,ADDRESS,NAME,PHONE,DELIVERY) values (79,9,to_date('24/09/25','RR/MM/DD'),86040,'경기도 화성시 동탄숲속로 36','이용운','01099856572',null);
Insert into MAINPROJECT.ORDERS (ORDER_ID,USER_ID,ORDER_DATE,TOTAL_PRICE,ADDRESS,NAME,PHONE,DELIVERY) values (80,7,to_date('24/09/25','RR/MM/DD'),323000,'경기도 화성시 글로벌아카데미','김이박','01055685158',null);
Insert into MAINPROJECT.ORDERS (ORDER_ID,USER_ID,ORDER_DATE,TOTAL_PRICE,ADDRESS,NAME,PHONE,DELIVERY) values (81,7,to_date('24/09/25','RR/MM/DD'),392000,'경기도 화성시 글로벌아카데미','김이박','01055685158',null);
Insert into MAINPROJECT.ORDERS (ORDER_ID,USER_ID,ORDER_DATE,TOTAL_PRICE,ADDRESS,NAME,PHONE,DELIVERY) values (82,11,to_date('24/09/25','RR/MM/DD'),177900,'부산광역시 동구 초량동','이순신','01012346543',1);
Insert into MAINPROJECT.ORDERS (ORDER_ID,USER_ID,ORDER_DATE,TOTAL_PRICE,ADDRESS,NAME,PHONE,DELIVERY) values (83,11,to_date('24/09/25','RR/MM/DD'),142000,'부산광역시 동구 초량동','이순신','01012346543',null);
Insert into MAINPROJECT.ORDERS (ORDER_ID,USER_ID,ORDER_DATE,TOTAL_PRICE,ADDRESS,NAME,PHONE,DELIVERY) values (84,10,to_date('24/09/25','RR/MM/DD'),67990,'경기도 화성시 글로벌아카데미','홍길동','010568567468',null);
Insert into MAINPROJECT.ORDERS (ORDER_ID,USER_ID,ORDER_DATE,TOTAL_PRICE,ADDRESS,NAME,PHONE,DELIVERY) values (85,1,to_date('24/09/25','RR/MM/DD'),22900,'213','123','123',1);
Insert into MAINPROJECT.ORDERS (ORDER_ID,USER_ID,ORDER_DATE,TOTAL_PRICE,ADDRESS,NAME,PHONE,DELIVERY) values (86,10,to_date('24/09/25','RR/MM/DD'),68900,'경기도 화성시 글로벌아카데미','홍길동','010568567468',null);
Insert into MAINPROJECT.ORDERS (ORDER_ID,USER_ID,ORDER_DATE,TOTAL_PRICE,ADDRESS,NAME,PHONE,DELIVERY) values (87,10,to_date('24/09/25','RR/MM/DD'),130700,'경기도 화성시 글로벌아카데미','홍길동','010568567468',null);
Insert into MAINPROJECT.ORDERS (ORDER_ID,USER_ID,ORDER_DATE,TOTAL_PRICE,ADDRESS,NAME,PHONE,DELIVERY) values (88,10,to_date('24/09/25','RR/MM/DD'),517790,'경기도 화성시 글로벌아카데미','홍길동','010568567468',null);
Insert into MAINPROJECT.ORDERS (ORDER_ID,USER_ID,ORDER_DATE,TOTAL_PRICE,ADDRESS,NAME,PHONE,DELIVERY) values (89,10,to_date('24/09/25','RR/MM/DD'),735790,'경기도 화성시 글로벌아카데미','안현진','01055685158',null);
Insert into MAINPROJECT.ORDERS (ORDER_ID,USER_ID,ORDER_DATE,TOTAL_PRICE,ADDRESS,NAME,PHONE,DELIVERY) values (90,10,to_date('24/09/25','RR/MM/DD'),68900,'경기도 화성시 글로벌아카데미','홍길동','01055685158',null);
Insert into MAINPROJECT.ORDERS (ORDER_ID,USER_ID,ORDER_DATE,TOTAL_PRICE,ADDRESS,NAME,PHONE,DELIVERY) values (91,8,to_date('24/09/25','RR/MM/DD'),40800,'경기도 화성시 글로벌아카데미','김이박','010568567468',null);
Insert into MAINPROJECT.ORDERS (ORDER_ID,USER_ID,ORDER_DATE,TOTAL_PRICE,ADDRESS,NAME,PHONE,DELIVERY) values (92,8,to_date('24/09/25','RR/MM/DD'),367500,'경기도 화성시 글로벌아카데미','안현진','01055685158',null);
Insert into MAINPROJECT.ORDERS (ORDER_ID,USER_ID,ORDER_DATE,TOTAL_PRICE,ADDRESS,NAME,PHONE,DELIVERY) values (93,13,to_date('24/09/30','RR/MM/DD'),68900,'경기도 화성시 글로벌아카데미','김건우','010',null);
Insert into MAINPROJECT.ORDERS (ORDER_ID,USER_ID,ORDER_DATE,TOTAL_PRICE,ADDRESS,NAME,PHONE,DELIVERY) values (94,13,to_date('24/09/30','RR/MM/DD'),71050,'경기도 화성시 글로벌아카데미','김건우','010',null);
Insert into MAINPROJECT.ORDERS (ORDER_ID,USER_ID,ORDER_DATE,TOTAL_PRICE,ADDRESS,NAME,PHONE,DELIVERY) values (95,14,to_date('24/09/30','RR/MM/DD'),160450,'경기도 화성시 글로벌아카데미','박아인','01012454256',null);
Insert into MAINPROJECT.ORDERS (ORDER_ID,USER_ID,ORDER_DATE,TOTAL_PRICE,ADDRESS,NAME,PHONE,DELIVERY) values (96,15,to_date('24/09/30','RR/MM/DD'),225230,'경기도 화성시 글로벌아카데미','강민아','01087967257',null);
Insert into MAINPROJECT.ORDERS (ORDER_ID,USER_ID,ORDER_DATE,TOTAL_PRICE,ADDRESS,NAME,PHONE,DELIVERY) values (97,16,to_date('24/09/30','RR/MM/DD'),187000,'경','차다영','01054137258',null);
Insert into MAINPROJECT.ORDERS (ORDER_ID,USER_ID,ORDER_DATE,TOTAL_PRICE,ADDRESS,NAME,PHONE,DELIVERY) values (98,17,to_date('24/09/30','RR/MM/DD'),15900,'경기도 화성시 글로벌아카데미','차다영','01055685158',null);
Insert into MAINPROJECT.ORDERS (ORDER_ID,USER_ID,ORDER_DATE,TOTAL_PRICE,ADDRESS,NAME,PHONE,DELIVERY) values (99,17,to_date('24/09/30','RR/MM/DD'),68900,'경기도 화성시','표창인','010568567468',null);
Insert into MAINPROJECT.ORDERS (ORDER_ID,USER_ID,ORDER_DATE,TOTAL_PRICE,ADDRESS,NAME,PHONE,DELIVERY) values (100,18,to_date('24/09/30','RR/MM/DD'),68900,'경기도 화성시','이현수','01012454256',null);
Insert into MAINPROJECT.ORDERS (ORDER_ID,USER_ID,ORDER_DATE,TOTAL_PRICE,ADDRESS,NAME,PHONE,DELIVERY) values (101,20,to_date('24/09/30','RR/MM/DD'),45800,'경기도 화성시','김지영','01015361601',null);
Insert into MAINPROJECT.ORDERS (ORDER_ID,USER_ID,ORDER_DATE,TOTAL_PRICE,ADDRESS,NAME,PHONE,DELIVERY) values (102,21,to_date('24/09/30','RR/MM/DD'),12900,'경','강이찬','01036523257',null);
Insert into MAINPROJECT.ORDERS (ORDER_ID,USER_ID,ORDER_DATE,TOTAL_PRICE,ADDRESS,NAME,PHONE,DELIVERY) values (103,22,to_date('24/09/30','RR/MM/DD'),109900,'경기도 화성시','육룡이','01055685158',null);
Insert into MAINPROJECT.ORDERS (ORDER_ID,USER_ID,ORDER_DATE,TOTAL_PRICE,ADDRESS,NAME,PHONE,DELIVERY) values (104,23,to_date('24/09/30','RR/MM/DD'),86190,'경기도 화성시','나르샤','01025543461',null);
Insert into MAINPROJECT.ORDERS (ORDER_ID,USER_ID,ORDER_DATE,TOTAL_PRICE,ADDRESS,NAME,PHONE,DELIVERY) values (105,24,to_date('24/09/30','RR/MM/DD'),162000,'경기도 화성시','박아인','01055685158',null);
Insert into MAINPROJECT.ORDERS (ORDER_ID,USER_ID,ORDER_DATE,TOTAL_PRICE,ADDRESS,NAME,PHONE,DELIVERY) values (106,25,to_date('24/09/30','RR/MM/DD'),173700,'경기도 화성시','박인아','01012486546',null);
Insert into MAINPROJECT.ORDERS (ORDER_ID,USER_ID,ORDER_DATE,TOTAL_PRICE,ADDRESS,NAME,PHONE,DELIVERY) values (107,65,to_date('24/10/02','RR/MM/DD'),115900,'경기도 화성시 동탄숲속로 38','김회원','1234',null);
Insert into MAINPROJECT.ORDERS (ORDER_ID,USER_ID,ORDER_DATE,TOTAL_PRICE,ADDRESS,NAME,PHONE,DELIVERY) values (108,65,to_date('24/10/02','RR/MM/DD'),252000,'경기도 화성시 동탄숲속로 38','김회원','010',null);
Insert into MAINPROJECT.ORDERS (ORDER_ID,USER_ID,ORDER_DATE,TOTAL_PRICE,ADDRESS,NAME,PHONE,DELIVERY) values (109,26,to_date('24/10/02','RR/MM/DD'),48900,'경기도 화성시','이예지','01087965417',null);
Insert into MAINPROJECT.ORDERS (ORDER_ID,USER_ID,ORDER_DATE,TOTAL_PRICE,ADDRESS,NAME,PHONE,DELIVERY) values (110,27,to_date('24/10/02','RR/MM/DD'),56000,'경기도 화성시','이진예','01054164518',null);
Insert into MAINPROJECT.ORDERS (ORDER_ID,USER_ID,ORDER_DATE,TOTAL_PRICE,ADDRESS,NAME,PHONE,DELIVERY) values (111,28,to_date('24/10/02','RR/MM/DD'),254450,'경기도 화성시','이채','01024152251',null);
Insert into MAINPROJECT.ORDERS (ORDER_ID,USER_ID,ORDER_DATE,TOTAL_PRICE,ADDRESS,NAME,PHONE,DELIVERY) values (112,29,to_date('24/10/02','RR/MM/DD'),28050,'경기도 화성시','선우제일','01015658578',null);
Insert into MAINPROJECT.ORDERS (ORDER_ID,USER_ID,ORDER_DATE,TOTAL_PRICE,ADDRESS,NAME,PHONE,DELIVERY) values (113,30,to_date('24/10/02','RR/MM/DD'),40800,'경기도 화성시','차다영','azsewt',null);
Insert into MAINPROJECT.ORDERS (ORDER_ID,USER_ID,ORDER_DATE,TOTAL_PRICE,ADDRESS,NAME,PHONE,DELIVERY) values (114,31,to_date('24/10/02','RR/MM/DD'),153000,'경기도 화성시','박민국','01035649452',null);
Insert into MAINPROJECT.ORDERS (ORDER_ID,USER_ID,ORDER_DATE,TOTAL_PRICE,ADDRESS,NAME,PHONE,DELIVERY) values (115,32,to_date('24/10/02','RR/MM/DD'),302000,'경기도 화성시','이만세','01054437258',null);
Insert into MAINPROJECT.ORDERS (ORDER_ID,USER_ID,ORDER_DATE,TOTAL_PRICE,ADDRESS,NAME,PHONE,DELIVERY) values (116,33,to_date('24/10/02','RR/MM/DD'),52800,'경기도 수원시','강우리','01092525153',null);
Insert into MAINPROJECT.ORDERS (ORDER_ID,USER_ID,ORDER_DATE,TOTAL_PRICE,ADDRESS,NAME,PHONE,DELIVERY) values (117,34,to_date('24/10/02','RR/MM/DD'),12500,'경기도 dhtks시','신나라','01095978789',null);
Insert into MAINPROJECT.ORDERS (ORDER_ID,USER_ID,ORDER_DATE,TOTAL_PRICE,ADDRESS,NAME,PHONE,DELIVERY) values (118,35,to_date('24/10/02','RR/MM/DD'),42000,'경기도 오산시','이푸른','01096521790',null);
Insert into MAINPROJECT.ORDERS (ORDER_ID,USER_ID,ORDER_DATE,TOTAL_PRICE,ADDRESS,NAME,PHONE,DELIVERY) values (119,36,to_date('24/10/02','RR/MM/DD'),40390,'서울특별시','정세상','01055978791',null);
Insert into MAINPROJECT.ORDERS (ORDER_ID,USER_ID,ORDER_DATE,TOTAL_PRICE,ADDRESS,NAME,PHONE,DELIVERY) values (120,37,to_date('24/10/02','RR/MM/DD'),65700,'경기도 수원시','김이경','01045687792',null);
REM INSERTING into MAINPROJECT.ORDER_ITEMS
SET DEFINE OFF;
Insert into MAINPROJECT.ORDER_ITEMS (ORDER_ITEM_ID,ORDER_ID,PRODUCT_ID,QUANTITY,PRICE) values (10,47,1,1,50000);
Insert into MAINPROJECT.ORDER_ITEMS (ORDER_ITEM_ID,ORDER_ID,PRODUCT_ID,QUANTITY,PRICE) values (11,47,2,1,30000);
Insert into MAINPROJECT.ORDER_ITEMS (ORDER_ITEM_ID,ORDER_ID,PRODUCT_ID,QUANTITY,PRICE) values (12,47,3,1,5000);
Insert into MAINPROJECT.ORDER_ITEMS (ORDER_ITEM_ID,ORDER_ID,PRODUCT_ID,QUANTITY,PRICE) values (13,48,1,2,50000);
Insert into MAINPROJECT.ORDER_ITEMS (ORDER_ITEM_ID,ORDER_ID,PRODUCT_ID,QUANTITY,PRICE) values (14,48,2,2,30000);
Insert into MAINPROJECT.ORDER_ITEMS (ORDER_ITEM_ID,ORDER_ID,PRODUCT_ID,QUANTITY,PRICE) values (15,48,3,4,5000);
Insert into MAINPROJECT.ORDER_ITEMS (ORDER_ITEM_ID,ORDER_ID,PRODUCT_ID,QUANTITY,PRICE) values (16,49,1,5,50000);
Insert into MAINPROJECT.ORDER_ITEMS (ORDER_ITEM_ID,ORDER_ID,PRODUCT_ID,QUANTITY,PRICE) values (17,49,2,5,30000);
Insert into MAINPROJECT.ORDER_ITEMS (ORDER_ITEM_ID,ORDER_ID,PRODUCT_ID,QUANTITY,PRICE) values (18,49,3,5,5000);
Insert into MAINPROJECT.ORDER_ITEMS (ORDER_ITEM_ID,ORDER_ID,PRODUCT_ID,QUANTITY,PRICE) values (19,50,1,1,50000);
Insert into MAINPROJECT.ORDER_ITEMS (ORDER_ITEM_ID,ORDER_ID,PRODUCT_ID,QUANTITY,PRICE) values (20,50,2,4,30000);
Insert into MAINPROJECT.ORDER_ITEMS (ORDER_ITEM_ID,ORDER_ID,PRODUCT_ID,QUANTITY,PRICE) values (21,50,3,2,5000);
Insert into MAINPROJECT.ORDER_ITEMS (ORDER_ITEM_ID,ORDER_ID,PRODUCT_ID,QUANTITY,PRICE) values (22,51,1,6,50000);
Insert into MAINPROJECT.ORDER_ITEMS (ORDER_ITEM_ID,ORDER_ID,PRODUCT_ID,QUANTITY,PRICE) values (23,51,2,2,30000);
Insert into MAINPROJECT.ORDER_ITEMS (ORDER_ITEM_ID,ORDER_ID,PRODUCT_ID,QUANTITY,PRICE) values (24,51,3,3,5000);
Insert into MAINPROJECT.ORDER_ITEMS (ORDER_ITEM_ID,ORDER_ID,PRODUCT_ID,QUANTITY,PRICE) values (25,52,1,6,300000);
Insert into MAINPROJECT.ORDER_ITEMS (ORDER_ITEM_ID,ORDER_ID,PRODUCT_ID,QUANTITY,PRICE) values (26,52,2,2,60000);
Insert into MAINPROJECT.ORDER_ITEMS (ORDER_ITEM_ID,ORDER_ID,PRODUCT_ID,QUANTITY,PRICE) values (27,52,3,3,15000);
Insert into MAINPROJECT.ORDER_ITEMS (ORDER_ITEM_ID,ORDER_ID,PRODUCT_ID,QUANTITY,PRICE) values (28,53,1,2,100000);
Insert into MAINPROJECT.ORDER_ITEMS (ORDER_ITEM_ID,ORDER_ID,PRODUCT_ID,QUANTITY,PRICE) values (29,53,2,1,30000);
Insert into MAINPROJECT.ORDER_ITEMS (ORDER_ITEM_ID,ORDER_ID,PRODUCT_ID,QUANTITY,PRICE) values (30,53,3,3,15000);
Insert into MAINPROJECT.ORDER_ITEMS (ORDER_ITEM_ID,ORDER_ID,PRODUCT_ID,QUANTITY,PRICE) values (31,54,6,1,37800);
Insert into MAINPROJECT.ORDER_ITEMS (ORDER_ITEM_ID,ORDER_ID,PRODUCT_ID,QUANTITY,PRICE) values (32,54,7,1,58000);
Insert into MAINPROJECT.ORDER_ITEMS (ORDER_ITEM_ID,ORDER_ID,PRODUCT_ID,QUANTITY,PRICE) values (33,56,3,1,689000);
Insert into MAINPROJECT.ORDER_ITEMS (ORDER_ITEM_ID,ORDER_ID,PRODUCT_ID,QUANTITY,PRICE) values (34,57,11,2,184000);
Insert into MAINPROJECT.ORDER_ITEMS (ORDER_ITEM_ID,ORDER_ID,PRODUCT_ID,QUANTITY,PRICE) values (35,61,1,1,19900);
Insert into MAINPROJECT.ORDER_ITEMS (ORDER_ITEM_ID,ORDER_ID,PRODUCT_ID,QUANTITY,PRICE) values (36,65,1,1,19900);
Insert into MAINPROJECT.ORDER_ITEMS (ORDER_ITEM_ID,ORDER_ID,PRODUCT_ID,QUANTITY,PRICE) values (37,67,2,1,65900);
Insert into MAINPROJECT.ORDER_ITEMS (ORDER_ITEM_ID,ORDER_ID,PRODUCT_ID,QUANTITY,PRICE) values (38,67,7,1,58000);
Insert into MAINPROJECT.ORDER_ITEMS (ORDER_ITEM_ID,ORDER_ID,PRODUCT_ID,QUANTITY,PRICE) values (39,67,15,1,189000);
Insert into MAINPROJECT.ORDER_ITEMS (ORDER_ITEM_ID,ORDER_ID,PRODUCT_ID,QUANTITY,PRICE) values (40,68,2,1,65900);
Insert into MAINPROJECT.ORDER_ITEMS (ORDER_ITEM_ID,ORDER_ID,PRODUCT_ID,QUANTITY,PRICE) values (41,69,5,2,21900);
Insert into MAINPROJECT.ORDER_ITEMS (ORDER_ITEM_ID,ORDER_ID,PRODUCT_ID,QUANTITY,PRICE) values (42,69,6,1,37800);
Insert into MAINPROJECT.ORDER_ITEMS (ORDER_ITEM_ID,ORDER_ID,PRODUCT_ID,QUANTITY,PRICE) values (43,69,7,1,58000);
Insert into MAINPROJECT.ORDER_ITEMS (ORDER_ITEM_ID,ORDER_ID,PRODUCT_ID,QUANTITY,PRICE) values (44,69,8,3,109000);
Insert into MAINPROJECT.ORDER_ITEMS (ORDER_ITEM_ID,ORDER_ID,PRODUCT_ID,QUANTITY,PRICE) values (45,70,2,1,65900);
Insert into MAINPROJECT.ORDER_ITEMS (ORDER_ITEM_ID,ORDER_ID,PRODUCT_ID,QUANTITY,PRICE) values (46,70,4,2,78000);
Insert into MAINPROJECT.ORDER_ITEMS (ORDER_ITEM_ID,ORDER_ID,PRODUCT_ID,QUANTITY,PRICE) values (47,70,9,1,279000);
Insert into MAINPROJECT.ORDER_ITEMS (ORDER_ITEM_ID,ORDER_ID,PRODUCT_ID,QUANTITY,PRICE) values (48,71,6,1,37800);
Insert into MAINPROJECT.ORDER_ITEMS (ORDER_ITEM_ID,ORDER_ID,PRODUCT_ID,QUANTITY,PRICE) values (49,71,13,1,32900);
Insert into MAINPROJECT.ORDER_ITEMS (ORDER_ITEM_ID,ORDER_ID,PRODUCT_ID,QUANTITY,PRICE) values (50,72,5,1,21900);
Insert into MAINPROJECT.ORDER_ITEMS (ORDER_ITEM_ID,ORDER_ID,PRODUCT_ID,QUANTITY,PRICE) values (51,73,6,1,37800);
Insert into MAINPROJECT.ORDER_ITEMS (ORDER_ITEM_ID,ORDER_ID,PRODUCT_ID,QUANTITY,PRICE) values (52,73,8,2,109000);
Insert into MAINPROJECT.ORDER_ITEMS (ORDER_ITEM_ID,ORDER_ID,PRODUCT_ID,QUANTITY,PRICE) values (53,73,10,1,249000);
Insert into MAINPROJECT.ORDER_ITEMS (ORDER_ITEM_ID,ORDER_ID,PRODUCT_ID,QUANTITY,PRICE) values (54,74,67,1,29900);
Insert into MAINPROJECT.ORDER_ITEMS (ORDER_ITEM_ID,ORDER_ID,PRODUCT_ID,QUANTITY,PRICE) values (55,75,48,1,50750);
Insert into MAINPROJECT.ORDER_ITEMS (ORDER_ITEM_ID,ORDER_ID,PRODUCT_ID,QUANTITY,PRICE) values (56,75,105,1,14240);
Insert into MAINPROJECT.ORDER_ITEMS (ORDER_ITEM_ID,ORDER_ID,PRODUCT_ID,QUANTITY,PRICE) values (57,76,73,1,5590);
Insert into MAINPROJECT.ORDER_ITEMS (ORDER_ITEM_ID,ORDER_ID,PRODUCT_ID,QUANTITY,PRICE) values (58,77,6,1,37800);
Insert into MAINPROJECT.ORDER_ITEMS (ORDER_ITEM_ID,ORDER_ID,PRODUCT_ID,QUANTITY,PRICE) values (59,77,7,1,58000);
Insert into MAINPROJECT.ORDER_ITEMS (ORDER_ITEM_ID,ORDER_ID,PRODUCT_ID,QUANTITY,PRICE) values (60,78,1,1,19900);
Insert into MAINPROJECT.ORDER_ITEMS (ORDER_ITEM_ID,ORDER_ID,PRODUCT_ID,QUANTITY,PRICE) values (61,79,125,1,57820);
Insert into MAINPROJECT.ORDER_ITEMS (ORDER_ITEM_ID,ORDER_ID,PRODUCT_ID,QUANTITY,PRICE) values (62,79,132,1,25220);
Insert into MAINPROJECT.ORDER_ITEMS (ORDER_ITEM_ID,ORDER_ID,PRODUCT_ID,QUANTITY,PRICE) values (63,80,9,1,279000);
Insert into MAINPROJECT.ORDER_ITEMS (ORDER_ITEM_ID,ORDER_ID,PRODUCT_ID,QUANTITY,PRICE) values (64,80,16,1,41000);
Insert into MAINPROJECT.ORDER_ITEMS (ORDER_ITEM_ID,ORDER_ID,PRODUCT_ID,QUANTITY,PRICE) values (65,81,85,1,389000);
Insert into MAINPROJECT.ORDER_ITEMS (ORDER_ITEM_ID,ORDER_ID,PRODUCT_ID,QUANTITY,PRICE) values (66,82,2,1,65900);
Insert into MAINPROJECT.ORDER_ITEMS (ORDER_ITEM_ID,ORDER_ID,PRODUCT_ID,QUANTITY,PRICE) values (67,82,8,1,109000);
Insert into MAINPROJECT.ORDER_ITEMS (ORDER_ITEM_ID,ORDER_ID,PRODUCT_ID,QUANTITY,PRICE) values (68,83,45,1,139000);
Insert into MAINPROJECT.ORDER_ITEMS (ORDER_ITEM_ID,ORDER_ID,PRODUCT_ID,QUANTITY,PRICE) values (69,84,48,1,50750);
Insert into MAINPROJECT.ORDER_ITEMS (ORDER_ITEM_ID,ORDER_ID,PRODUCT_ID,QUANTITY,PRICE) values (70,84,105,1,14240);
Insert into MAINPROJECT.ORDER_ITEMS (ORDER_ITEM_ID,ORDER_ID,PRODUCT_ID,QUANTITY,PRICE) values (71,85,1,1,19900);
Insert into MAINPROJECT.ORDER_ITEMS (ORDER_ITEM_ID,ORDER_ID,PRODUCT_ID,QUANTITY,PRICE) values (72,86,2,1,65900);
Insert into MAINPROJECT.ORDER_ITEMS (ORDER_ITEM_ID,ORDER_ID,PRODUCT_ID,QUANTITY,PRICE) values (73,87,29,1,127700);
Insert into MAINPROJECT.ORDER_ITEMS (ORDER_ITEM_ID,ORDER_ID,PRODUCT_ID,QUANTITY,PRICE) values (74,88,14,1,27900);
Insert into MAINPROJECT.ORDER_ITEMS (ORDER_ITEM_ID,ORDER_ID,PRODUCT_ID,QUANTITY,PRICE) values (75,88,74,1,12650);
Insert into MAINPROJECT.ORDER_ITEMS (ORDER_ITEM_ID,ORDER_ID,PRODUCT_ID,QUANTITY,PRICE) values (76,88,48,1,50750);
Insert into MAINPROJECT.ORDER_ITEMS (ORDER_ITEM_ID,ORDER_ID,PRODUCT_ID,QUANTITY,PRICE) values (77,88,102,1,409250);
Insert into MAINPROJECT.ORDER_ITEMS (ORDER_ITEM_ID,ORDER_ID,PRODUCT_ID,QUANTITY,PRICE) values (78,88,105,1,14240);
Insert into MAINPROJECT.ORDER_ITEMS (ORDER_ITEM_ID,ORDER_ID,PRODUCT_ID,QUANTITY,PRICE) values (79,89,8,2,109000);
Insert into MAINPROJECT.ORDER_ITEMS (ORDER_ITEM_ID,ORDER_ID,PRODUCT_ID,QUANTITY,PRICE) values (80,89,14,1,27900);
Insert into MAINPROJECT.ORDER_ITEMS (ORDER_ITEM_ID,ORDER_ID,PRODUCT_ID,QUANTITY,PRICE) values (81,89,74,1,12650);
Insert into MAINPROJECT.ORDER_ITEMS (ORDER_ITEM_ID,ORDER_ID,PRODUCT_ID,QUANTITY,PRICE) values (82,89,48,1,50750);
Insert into MAINPROJECT.ORDER_ITEMS (ORDER_ITEM_ID,ORDER_ID,PRODUCT_ID,QUANTITY,PRICE) values (83,89,102,1,409250);
Insert into MAINPROJECT.ORDER_ITEMS (ORDER_ITEM_ID,ORDER_ID,PRODUCT_ID,QUANTITY,PRICE) values (84,89,105,1,14240);
Insert into MAINPROJECT.ORDER_ITEMS (ORDER_ITEM_ID,ORDER_ID,PRODUCT_ID,QUANTITY,PRICE) values (85,90,2,1,65900);
Insert into MAINPROJECT.ORDER_ITEMS (ORDER_ITEM_ID,ORDER_ID,PRODUCT_ID,QUANTITY,PRICE) values (86,91,6,1,37800);
Insert into MAINPROJECT.ORDER_ITEMS (ORDER_ITEM_ID,ORDER_ID,PRODUCT_ID,QUANTITY,PRICE) values (87,92,1,1,19900);
Insert into MAINPROJECT.ORDER_ITEMS (ORDER_ITEM_ID,ORDER_ID,PRODUCT_ID,QUANTITY,PRICE) values (88,92,6,1,37800);
Insert into MAINPROJECT.ORDER_ITEMS (ORDER_ITEM_ID,ORDER_ID,PRODUCT_ID,QUANTITY,PRICE) values (89,92,7,2,58000);
Insert into MAINPROJECT.ORDER_ITEMS (ORDER_ITEM_ID,ORDER_ID,PRODUCT_ID,QUANTITY,PRICE) values (90,92,40,1,42800);
Insert into MAINPROJECT.ORDER_ITEMS (ORDER_ITEM_ID,ORDER_ID,PRODUCT_ID,QUANTITY,PRICE) values (91,92,81,1,109000);
Insert into MAINPROJECT.ORDER_ITEMS (ORDER_ITEM_ID,ORDER_ID,PRODUCT_ID,QUANTITY,PRICE) values (92,92,113,1,39000);
Insert into MAINPROJECT.ORDER_ITEMS (ORDER_ITEM_ID,ORDER_ID,PRODUCT_ID,QUANTITY,PRICE) values (93,93,2,1,65900);
Insert into MAINPROJECT.ORDER_ITEMS (ORDER_ITEM_ID,ORDER_ID,PRODUCT_ID,QUANTITY,PRICE) values (94,94,1,1,19900);
Insert into MAINPROJECT.ORDER_ITEMS (ORDER_ITEM_ID,ORDER_ID,PRODUCT_ID,QUANTITY,PRICE) values (95,94,22,1,48150);
Insert into MAINPROJECT.ORDER_ITEMS (ORDER_ITEM_ID,ORDER_ID,PRODUCT_ID,QUANTITY,PRICE) values (96,95,2,1,65900);
Insert into MAINPROJECT.ORDER_ITEMS (ORDER_ITEM_ID,ORDER_ID,PRODUCT_ID,QUANTITY,PRICE) values (97,95,74,1,12650);
Insert into MAINPROJECT.ORDER_ITEMS (ORDER_ITEM_ID,ORDER_ID,PRODUCT_ID,QUANTITY,PRICE) values (98,95,84,1,78900);
Insert into MAINPROJECT.ORDER_ITEMS (ORDER_ITEM_ID,ORDER_ID,PRODUCT_ID,QUANTITY,PRICE) values (99,96,57,1,41930);
Insert into MAINPROJECT.ORDER_ITEMS (ORDER_ITEM_ID,ORDER_ID,PRODUCT_ID,QUANTITY,PRICE) values (100,96,95,1,140400);
Insert into MAINPROJECT.ORDER_ITEMS (ORDER_ITEM_ID,ORDER_ID,PRODUCT_ID,QUANTITY,PRICE) values (101,96,112,1,39900);
Insert into MAINPROJECT.ORDER_ITEMS (ORDER_ITEM_ID,ORDER_ID,PRODUCT_ID,QUANTITY,PRICE) values (102,97,11,1,184000);
Insert into MAINPROJECT.ORDER_ITEMS (ORDER_ITEM_ID,ORDER_ID,PRODUCT_ID,QUANTITY,PRICE) values (103,98,25,1,12900);
Insert into MAINPROJECT.ORDER_ITEMS (ORDER_ITEM_ID,ORDER_ID,PRODUCT_ID,QUANTITY,PRICE) values (104,99,2,1,65900);
Insert into MAINPROJECT.ORDER_ITEMS (ORDER_ITEM_ID,ORDER_ID,PRODUCT_ID,QUANTITY,PRICE) values (105,100,2,1,65900);
Insert into MAINPROJECT.ORDER_ITEMS (ORDER_ITEM_ID,ORDER_ID,PRODUCT_ID,QUANTITY,PRICE) values (106,101,40,1,42800);
Insert into MAINPROJECT.ORDER_ITEMS (ORDER_ITEM_ID,ORDER_ID,PRODUCT_ID,QUANTITY,PRICE) values (107,102,134,1,9900);
Insert into MAINPROJECT.ORDER_ITEMS (ORDER_ITEM_ID,ORDER_ID,PRODUCT_ID,QUANTITY,PRICE) values (108,103,124,1,47000);
Insert into MAINPROJECT.ORDER_ITEMS (ORDER_ITEM_ID,ORDER_ID,PRODUCT_ID,QUANTITY,PRICE) values (109,103,75,1,59900);
Insert into MAINPROJECT.ORDER_ITEMS (ORDER_ITEM_ID,ORDER_ID,PRODUCT_ID,QUANTITY,PRICE) values (110,104,6,1,37800);
Insert into MAINPROJECT.ORDER_ITEMS (ORDER_ITEM_ID,ORDER_ID,PRODUCT_ID,QUANTITY,PRICE) values (111,104,73,1,5590);
Insert into MAINPROJECT.ORDER_ITEMS (ORDER_ITEM_ID,ORDER_ID,PRODUCT_ID,QUANTITY,PRICE) values (112,104,52,2,19900);
Insert into MAINPROJECT.ORDER_ITEMS (ORDER_ITEM_ID,ORDER_ID,PRODUCT_ID,QUANTITY,PRICE) values (113,105,46,1,159000);
Insert into MAINPROJECT.ORDER_ITEMS (ORDER_ITEM_ID,ORDER_ID,PRODUCT_ID,QUANTITY,PRICE) values (114,106,34,1,99000);
Insert into MAINPROJECT.ORDER_ITEMS (ORDER_ITEM_ID,ORDER_ID,PRODUCT_ID,QUANTITY,PRICE) values (115,106,109,1,62700);
Insert into MAINPROJECT.ORDER_ITEMS (ORDER_ITEM_ID,ORDER_ID,PRODUCT_ID,QUANTITY,PRICE) values (116,106,114,1,9000);
Insert into MAINPROJECT.ORDER_ITEMS (ORDER_ITEM_ID,ORDER_ID,PRODUCT_ID,QUANTITY,PRICE) values (117,107,44,1,53000);
Insert into MAINPROJECT.ORDER_ITEMS (ORDER_ITEM_ID,ORDER_ID,PRODUCT_ID,QUANTITY,PRICE) values (118,107,75,1,59900);
Insert into MAINPROJECT.ORDER_ITEMS (ORDER_ITEM_ID,ORDER_ID,PRODUCT_ID,QUANTITY,PRICE) values (119,108,10,1,249000);
Insert into MAINPROJECT.ORDER_ITEMS (ORDER_ITEM_ID,ORDER_ID,PRODUCT_ID,QUANTITY,PRICE) values (120,109,68,1,17000);
Insert into MAINPROJECT.ORDER_ITEMS (ORDER_ITEM_ID,ORDER_ID,PRODUCT_ID,QUANTITY,PRICE) values (121,109,104,1,28900);
Insert into MAINPROJECT.ORDER_ITEMS (ORDER_ITEM_ID,ORDER_ID,PRODUCT_ID,QUANTITY,PRICE) values (122,110,44,1,53000);
Insert into MAINPROJECT.ORDER_ITEMS (ORDER_ITEM_ID,ORDER_ID,PRODUCT_ID,QUANTITY,PRICE) values (123,111,83,1,92450);
Insert into MAINPROJECT.ORDER_ITEMS (ORDER_ITEM_ID,ORDER_ID,PRODUCT_ID,QUANTITY,PRICE) values (124,111,46,1,159000);
Insert into MAINPROJECT.ORDER_ITEMS (ORDER_ITEM_ID,ORDER_ID,PRODUCT_ID,QUANTITY,PRICE) values (125,112,55,1,25050);
Insert into MAINPROJECT.ORDER_ITEMS (ORDER_ITEM_ID,ORDER_ID,PRODUCT_ID,QUANTITY,PRICE) values (126,113,6,1,37800);
Insert into MAINPROJECT.ORDER_ITEMS (ORDER_ITEM_ID,ORDER_ID,PRODUCT_ID,QUANTITY,PRICE) values (127,114,28,1,150000);
Insert into MAINPROJECT.ORDER_ITEMS (ORDER_ITEM_ID,ORDER_ID,PRODUCT_ID,QUANTITY,PRICE) values (128,115,60,1,299000);
Insert into MAINPROJECT.ORDER_ITEMS (ORDER_ITEM_ID,ORDER_ID,PRODUCT_ID,QUANTITY,PRICE) values (129,116,67,1,29900);
Insert into MAINPROJECT.ORDER_ITEMS (ORDER_ITEM_ID,ORDER_ID,PRODUCT_ID,QUANTITY,PRICE) values (130,116,1,1,19900);
Insert into MAINPROJECT.ORDER_ITEMS (ORDER_ITEM_ID,ORDER_ID,PRODUCT_ID,QUANTITY,PRICE) values (131,117,77,1,9500);
Insert into MAINPROJECT.ORDER_ITEMS (ORDER_ITEM_ID,ORDER_ID,PRODUCT_ID,QUANTITY,PRICE) values (132,118,113,1,39000);
Insert into MAINPROJECT.ORDER_ITEMS (ORDER_ITEM_ID,ORDER_ID,PRODUCT_ID,QUANTITY,PRICE) values (133,119,43,1,14790);
Insert into MAINPROJECT.ORDER_ITEMS (ORDER_ITEM_ID,ORDER_ID,PRODUCT_ID,QUANTITY,PRICE) values (134,119,135,1,22600);
Insert into MAINPROJECT.ORDER_ITEMS (ORDER_ITEM_ID,ORDER_ID,PRODUCT_ID,QUANTITY,PRICE) values (135,120,109,1,62700);
REM INSERTING into MAINPROJECT.PRODUCTS
SET DEFINE OFF;
Insert into MAINPROJECT.PRODUCTS (PRODUCT_ID,PRODUCT_NAME,CATEGORY_ID,PRICE,STOCK_QUANTITY,IMAGE_URL,BRAND) values (1,'로지텍G102',1,19900,7,'로지텍G102.jpg','로지텍');
Insert into MAINPROJECT.PRODUCTS (PRODUCT_ID,PRODUCT_NAME,CATEGORY_ID,PRICE,STOCK_QUANTITY,IMAGE_URL,BRAND) values (2,'AULA F99 PRO',2,65900,98,'2.jpg','AULA');
Insert into MAINPROJECT.PRODUCTS (PRODUCT_ID,PRODUCT_NAME,CATEGORY_ID,PRICE,STOCK_QUANTITY,IMAGE_URL,BRAND) values (3,'DELL UltraSharp U2723QE',3,689000,100,'DELL UltraSharp U2723QE.jpg','DELL');
Insert into MAINPROJECT.PRODUCTS (PRODUCT_ID,PRODUCT_NAME,CATEGORY_ID,PRICE,STOCK_QUANTITY,IMAGE_URL,BRAND) values (4,'Razer DeathAdder V2 Pro',1,78000,100,'4.jpg','레이저');
Insert into MAINPROJECT.PRODUCTS (PRODUCT_ID,PRODUCT_NAME,CATEGORY_ID,PRICE,STOCK_QUANTITY,IMAGE_URL,BRAND) values (5,'MAXTILL MAXTILL TRON G10',1,21900,100,'5.jpg','맥스틸');
Insert into MAINPROJECT.PRODUCTS (PRODUCT_ID,PRODUCT_NAME,CATEGORY_ID,PRICE,STOCK_QUANTITY,IMAGE_URL,BRAND) values (6,'로지텍 코리아 G304 무선 마우스',1,37800,98,'6.jpg','로지텍');
Insert into MAINPROJECT.PRODUCTS (PRODUCT_ID,PRODUCT_NAME,CATEGORY_ID,PRICE,STOCK_QUANTITY,IMAGE_URL,BRAND) values (7,'앱코(ABKO) AN06F TKL PBT 게이밍 기계식 키보드',2,58000,99,'7.jpg','앱코');
Insert into MAINPROJECT.PRODUCTS (PRODUCT_ID,PRODUCT_NAME,CATEGORY_ID,PRICE,STOCK_QUANTITY,IMAGE_URL,BRAND) values (8,'체리 MX BOARD 3.0S WIRELESS RGB (저소음 적축) 키보드',2,109000,96,'8.jpg','체리');
Insert into MAINPROJECT.PRODUCTS (PRODUCT_ID,PRODUCT_NAME,CATEGORY_ID,PRICE,STOCK_QUANTITY,IMAGE_URL,BRAND) values (9,'한성컴퓨터 TFG30F20W 울트라와이드 리얼 200 게이밍 무결점',3,279000,100,'9.jpg','한성컴퓨터');
Insert into MAINPROJECT.PRODUCTS (PRODUCT_ID,PRODUCT_NAME,CATEGORY_ID,PRICE,STOCK_QUANTITY,IMAGE_URL,BRAND) values (10,'삼성전자 커브드 C32R500 32인치 베젤리스 LED 컴퓨터 모니터',3,249000,99,'10.jpg','삼성전자');
Insert into MAINPROJECT.PRODUCTS (PRODUCT_ID,PRODUCT_NAME,CATEGORY_ID,PRICE,STOCK_QUANTITY,IMAGE_URL,BRAND) values (11,'LG전자 24MP58VQ 24인치모니터 IPS패널',3,184000,100,'11.jpg','LG전자');
Insert into MAINPROJECT.PRODUCTS (PRODUCT_ID,PRODUCT_NAME,CATEGORY_ID,PRICE,STOCK_QUANTITY,IMAGE_URL,BRAND) values (12,'APC930 QHD 웹캠 | ABKO',4,61800,100,'12.jpg','앱코');
Insert into MAINPROJECT.PRODUCTS (PRODUCT_ID,PRODUCT_NAME,CATEGORY_ID,PRICE,STOCK_QUANTITY,IMAGE_URL,BRAND) values (13,'브리츠 BZ-MS2000 2채널 PC 컴퓨터 스피커',5,32900,100,'13.jpg','브리츠');
Insert into MAINPROJECT.PRODUCTS (PRODUCT_ID,PRODUCT_NAME,CATEGORY_ID,PRICE,STOCK_QUANTITY,IMAGE_URL,BRAND) values (14,'COX CH50 가상 7.1채널 RGB 게이밍 헤드셋',6,27900,100,'14.jpg','콕스');
Insert into MAINPROJECT.PRODUCTS (PRODUCT_ID,PRODUCT_NAME,CATEGORY_ID,PRICE,STOCK_QUANTITY,IMAGE_URL,BRAND) values (15,'[로지텍코리아] 유선 게이밍 헤드셋 G Pro X',6,189000,100,'15.jpg','로지텍');
Insert into MAINPROJECT.PRODUCTS (PRODUCT_ID,PRODUCT_NAME,CATEGORY_ID,PRICE,STOCK_QUANTITY,IMAGE_URL,BRAND) values (74,'앱코 HACKER 스테레오 게이밍 유선헤드셋 B90',6,12650,100,'headset15.PNG','앱코');
Insert into MAINPROJECT.PRODUCTS (PRODUCT_ID,PRODUCT_NAME,CATEGORY_ID,PRICE,STOCK_QUANTITY,IMAGE_URL,BRAND) values (16,'코시 네스트 FHD 고화질 PC 카메라',4,41000,100,'webcam08.PNG','코시');
Insert into MAINPROJECT.PRODUCTS (PRODUCT_ID,PRODUCT_NAME,CATEGORY_ID,PRICE,STOCK_QUANTITY,IMAGE_URL,BRAND) values (17,'로이체 무소음 무선 옵티컬 마우스 RX-550',1,14900,100,'mouse16.png','로이체');
Insert into MAINPROJECT.PRODUCTS (PRODUCT_ID,PRODUCT_NAME,CATEGORY_ID,PRICE,STOCK_QUANTITY,IMAGE_URL,BRAND) values (18,'빅트랙 FHD 컨커러 프리미엄 게이밍 모니터',3,179000,100,'monitor01.PNG','빅트랙');
Insert into MAINPROJECT.PRODUCTS (PRODUCT_ID,PRODUCT_NAME,CATEGORY_ID,PRICE,STOCK_QUANTITY,IMAGE_URL,BRAND) values (19,'로이체 QHD 마이크 내장 오토포커스 웹캠 화상카메라 RPC-40Q + 삼각대 세트',4,39900,100,'webcam09.PNG','로이체');
Insert into MAINPROJECT.PRODUCTS (PRODUCT_ID,PRODUCT_NAME,CATEGORY_ID,PRICE,STOCK_QUANTITY,IMAGE_URL,BRAND) values (20,'홈플래닛 QHD 웹캠 방송용 수업용 화상카메라 (500만화소 오토포커스 광시야각 마이크내장)',4,75000,100,'webcam04.PNG','홈플래닛');
Insert into MAINPROJECT.PRODUCTS (PRODUCT_ID,PRODUCT_NAME,CATEGORY_ID,PRICE,STOCK_QUANTITY,IMAGE_URL,BRAND) values (21,'엑토 하데스 게이밍 유선 마우스 GMSC-15',1,14300,100,'mouse20.png','엑토');
Insert into MAINPROJECT.PRODUCTS (PRODUCT_ID,PRODUCT_NAME,CATEGORY_ID,PRICE,STOCK_QUANTITY,IMAGE_URL,BRAND) values (22,'로지텍 코리아 BRIO 100 웹캠 960-001587 VU0072',4,48150,100,'webcam15.PNG','로지텍');
Insert into MAINPROJECT.PRODUCTS (PRODUCT_ID,PRODUCT_NAME,CATEGORY_ID,PRICE,STOCK_QUANTITY,IMAGE_URL,BRAND) values (23,'레이저 DeathAdder Essential 유선마우스 RZ01-0385',1,23630,100,'mouse10.png','레이저');
Insert into MAINPROJECT.PRODUCTS (PRODUCT_ID,PRODUCT_NAME,CATEGORY_ID,PRICE,STOCK_QUANTITY,IMAGE_URL,BRAND) values (24,'로지텍 Brio500 웹캠 그래파이트 960-001423',4,134560,100,'webcam19.PNG','로지텍');
Insert into MAINPROJECT.PRODUCTS (PRODUCT_ID,PRODUCT_NAME,CATEGORY_ID,PRICE,STOCK_QUANTITY,IMAGE_URL,BRAND) values (25,'앱코 SD Fixed Focus 웹캠 APC480',4,12900,100,'webcam06.PNG','앱코');
Insert into MAINPROJECT.PRODUCTS (PRODUCT_ID,PRODUCT_NAME,CATEGORY_ID,PRICE,STOCK_QUANTITY,IMAGE_URL,BRAND) values (26,'TAIDU 타이두 TSG301 Pro 프로페셔널 RGB 유선 게이밍 마우스',1,71600,100,'mouse01.png','타이두');
Insert into MAINPROJECT.PRODUCTS (PRODUCT_ID,PRODUCT_NAME,CATEGORY_ID,PRICE,STOCK_QUANTITY,IMAGE_URL,BRAND) values (27,'ZIO C960 FHD 1080p 화상캠',4,28110,100,'webcam05.PNG','ZIO');
Insert into MAINPROJECT.PRODUCTS (PRODUCT_ID,PRODUCT_NAME,CATEGORY_ID,PRICE,STOCK_QUANTITY,IMAGE_URL,BRAND) values (28,'디엑스 60.5cm (24인치) 75Hz 사무용 게이밍 컴퓨터 모니터 DX245HDMI',3,150000,100,'monitor14.PNG','디엑스');
Insert into MAINPROJECT.PRODUCTS (PRODUCT_ID,PRODUCT_NAME,CATEGORY_ID,PRICE,STOCK_QUANTITY,IMAGE_URL,BRAND) values (29,'커세어 104 키배열 K68 게이밍 유선 일반형 키보드',2,127700,100,'keyboard20.PNG','커세어');
Insert into MAINPROJECT.PRODUCTS (PRODUCT_ID,PRODUCT_NAME,CATEGORY_ID,PRICE,STOCK_QUANTITY,IMAGE_URL,BRAND) values (30,'앱코 QHD 웹캠 APC930U',4,82690,100,'webcam07.PNG','앱코');
Insert into MAINPROJECT.PRODUCTS (PRODUCT_ID,PRODUCT_NAME,CATEGORY_ID,PRICE,STOCK_QUANTITY,IMAGE_URL,BRAND) values (31,'Nutz 2K 500만화소 고화질 웹캠 QHD1944L',4,85000,100,'webcam11.PNG','Nutz');
Insert into MAINPROJECT.PRODUCTS (PRODUCT_ID,PRODUCT_NAME,CATEGORY_ID,PRICE,STOCK_QUANTITY,IMAGE_URL,BRAND) values (32,'주연테크 FHD 100Hz 모니터',3,89000,100,'monitor02.PNG','주연테크');
Insert into MAINPROJECT.PRODUCTS (PRODUCT_ID,PRODUCT_NAME,CATEGORY_ID,PRICE,STOCK_QUANTITY,IMAGE_URL,BRAND) values (33,'루앱 무소음 슬림 무선 마우스 노트북 호환 RA-SM01',1,22000,100,'mouse12.png','루앱');
Insert into MAINPROJECT.PRODUCTS (PRODUCT_ID,PRODUCT_NAME,CATEGORY_ID,PRICE,STOCK_QUANTITY,IMAGE_URL,BRAND) values (34,'로지텍 HD 웹캠 C920',4,99000,100,'webcam16.PNG','로지텍');
Insert into MAINPROJECT.PRODUCTS (PRODUCT_ID,PRODUCT_NAME,CATEGORY_ID,PRICE,STOCK_QUANTITY,IMAGE_URL,BRAND) values (35,'앱코 축교환 레인보우 무빙 LED 기계식 유선 일반형 키보드',2,32180,100,'keyboard05.png','앱코');
Insert into MAINPROJECT.PRODUCTS (PRODUCT_ID,PRODUCT_NAME,CATEGORY_ID,PRICE,STOCK_QUANTITY,IMAGE_URL,BRAND) values (36,'앱코 FHD 165Hz 게이밍 27인치 커브드 초슬림 모니터',3,180700,100,'monitor19.PNG','앱코');
Insert into MAINPROJECT.PRODUCTS (PRODUCT_ID,PRODUCT_NAME,CATEGORY_ID,PRICE,STOCK_QUANTITY,IMAGE_URL,BRAND) values (37,'플레오맥스 웹캠 W-210',4,14050,100,'webcam14.PNG','삼성전자');
Insert into MAINPROJECT.PRODUCTS (PRODUCT_ID,PRODUCT_NAME,CATEGORY_ID,PRICE,STOCK_QUANTITY,IMAGE_URL,BRAND) values (38,'앱코 QHD 웹캠 APC925',4,62820,100,'webcam10.PNG','앱코');
Insert into MAINPROJECT.PRODUCTS (PRODUCT_ID,PRODUCT_NAME,CATEGORY_ID,PRICE,STOCK_QUANTITY,IMAGE_URL,BRAND) values (39,'앤커 2K 마이크 내장 인공지능 오토포커스 웹캠 A3383',4,299000,100,'webcam18.PNG','앤커');
Insert into MAINPROJECT.PRODUCTS (PRODUCT_ID,PRODUCT_NAME,CATEGORY_ID,PRICE,STOCK_QUANTITY,IMAGE_URL,BRAND) values (40,'플레이기어 블루투스 멀티패어링 무소음 Silent 무선 일반형 키보드',2,42800,100,'keyboard17.png','플레이기어');
Insert into MAINPROJECT.PRODUCTS (PRODUCT_ID,PRODUCT_NAME,CATEGORY_ID,PRICE,STOCK_QUANTITY,IMAGE_URL,BRAND) values (41,'로이체 2채널 멀티미디어 USB 사운드바 스피커 RSB-3000',5,19900,100,'speaker02.PNG','로이체');
Insert into MAINPROJECT.PRODUCTS (PRODUCT_ID,PRODUCT_NAME,CATEGORY_ID,PRICE,STOCK_QUANTITY,IMAGE_URL,BRAND) values (42,'아이리버 여성용 손목보호 작은손 무선 버티컬 마우스 EQwear-Lady Vertical Grip EV15',1,33700,100,'mouse06.png','아이리버 ');
Insert into MAINPROJECT.PRODUCTS (PRODUCT_ID,PRODUCT_NAME,CATEGORY_ID,PRICE,STOCK_QUANTITY,IMAGE_URL,BRAND) values (43,'인켈 RGB LED 라이팅 2 in 1 사운드바 IK-KS1500',5,14790,100,'speaker20.PNG','인켈');
Insert into MAINPROJECT.PRODUCTS (PRODUCT_ID,PRODUCT_NAME,CATEGORY_ID,PRICE,STOCK_QUANTITY,IMAGE_URL,BRAND) values (44,'로지텍 G304 LIGHTSPEED 무선 게이밍 마우스 M-R0071',1,53000,100,'mouse17.png','로지텍');
Insert into MAINPROJECT.PRODUCTS (PRODUCT_ID,PRODUCT_NAME,CATEGORY_ID,PRICE,STOCK_QUANTITY,IMAGE_URL,BRAND) values (45,'한성컴퓨터 FHD 리얼 180 게이밍 모니터',3,139000,98,'monitor11.PNG','한성컴퓨터');
Insert into MAINPROJECT.PRODUCTS (PRODUCT_ID,PRODUCT_NAME,CATEGORY_ID,PRICE,STOCK_QUANTITY,IMAGE_URL,BRAND) values (46,'MSI G27C5 E2 게이밍 커브드 모니터 170Hz 아이세이버 무결점',3,159000,100,'monitor12.PNG','MSI');
Insert into MAINPROJECT.PRODUCTS (PRODUCT_ID,PRODUCT_NAME,CATEGORY_ID,PRICE,STOCK_QUANTITY,IMAGE_URL,BRAND) values (47,'브리츠 블루투스 5.3 포터블 아웃도어 스피커 BR-M500',5,115990,100,'speaker15.PNG','브리츠');
Insert into MAINPROJECT.PRODUCTS (PRODUCT_ID,PRODUCT_NAME,CATEGORY_ID,PRICE,STOCK_QUANTITY,IMAGE_URL,BRAND) values (48,'아이리버 WOODEN BOX 블루투스 스피커 IR-R1000',5,50750,98,'speaker07.PNG','아이리버');
Insert into MAINPROJECT.PRODUCTS (PRODUCT_ID,PRODUCT_NAME,CATEGORY_ID,PRICE,STOCK_QUANTITY,IMAGE_URL,BRAND) values (49,'브리츠 USB 사운드바 스피커',5,27260,100,'speaker08.PNG','브리츠');
Insert into MAINPROJECT.PRODUCTS (PRODUCT_ID,PRODUCT_NAME,CATEGORY_ID,PRICE,STOCK_QUANTITY,IMAGE_URL,BRAND) values (50,'아이리버 항균 2.4GHz+블루투스 저소음 무선 일반형 키보드',2,39700,100,'keyboard01.png','아이리버');
Insert into MAINPROJECT.PRODUCTS (PRODUCT_ID,PRODUCT_NAME,CATEGORY_ID,PRICE,STOCK_QUANTITY,IMAGE_URL,BRAND) values (51,'LG전자 FHD 울트라기어 LED 게이밍모니터',3,279860,100,'monitor15.PNG','LG전자');
Insert into MAINPROJECT.PRODUCTS (PRODUCT_ID,PRODUCT_NAME,CATEGORY_ID,PRICE,STOCK_QUANTITY,IMAGE_URL,BRAND) values (52,'스마텍 리시버 USB 무선 무소음 블루투스 마우스 STM-IV100',1,19900,100,'mouse02.png','스마텍');
Insert into MAINPROJECT.PRODUCTS (PRODUCT_ID,PRODUCT_NAME,CATEGORY_ID,PRICE,STOCK_QUANTITY,IMAGE_URL,BRAND) values (53,'브리츠 커브드 사운드바 BZ-SP700X',5,29900,100,'speaker14.PNG','브리츠');
Insert into MAINPROJECT.PRODUCTS (PRODUCT_ID,PRODUCT_NAME,CATEGORY_ID,PRICE,STOCK_QUANTITY,IMAGE_URL,BRAND) values (54,'브리츠 블루투스 스피커 BZ-MAB18 FOOTBALL',5,17000,100,'speaker18.PNG','브리츠');
Insert into MAINPROJECT.PRODUCTS (PRODUCT_ID,PRODUCT_NAME,CATEGORY_ID,PRICE,STOCK_QUANTITY,IMAGE_URL,BRAND) values (55,'큐센 LED 텐키리스 유선키보드',2,25050,100,'keyboard18.png','큐센');
Insert into MAINPROJECT.PRODUCTS (PRODUCT_ID,PRODUCT_NAME,CATEGORY_ID,PRICE,STOCK_QUANTITY,IMAGE_URL,BRAND) values (56,'로지텍 유선마우스 M100R',1,9660,100,'mouse04.png','로지텍');
Insert into MAINPROJECT.PRODUCTS (PRODUCT_ID,PRODUCT_NAME,CATEGORY_ID,PRICE,STOCK_QUANTITY,IMAGE_URL,BRAND) values (57,'앱코 HACKER 가상 7.1 RGB 진동 노이즈 캔슬링 마이크 3D 초경량 게이밍 헤드셋 N550 ENC',6,41930,100,'headset02.PNG','앱코');
Insert into MAINPROJECT.PRODUCTS (PRODUCT_ID,PRODUCT_NAME,CATEGORY_ID,PRICE,STOCK_QUANTITY,IMAGE_URL,BRAND) values (58,'아이리버 남성용 손목보호 큰손 무선 버티컬 마우스 EQwear-Gentleman Vertical Grip EV19',1,33700,100,'mouse11.png','아이리버');
Insert into MAINPROJECT.PRODUCTS (PRODUCT_ID,PRODUCT_NAME,CATEGORY_ID,PRICE,STOCK_QUANTITY,IMAGE_URL,BRAND) values (59,'로지텍 G102IC 2세대 LIGHTSYNC 게이밍 유선마우스 벌크 MU0054',1,23420,100,'mouse03.png','로지텍');
Insert into MAINPROJECT.PRODUCTS (PRODUCT_ID,PRODUCT_NAME,CATEGORY_ID,PRICE,STOCK_QUANTITY,IMAGE_URL,BRAND) values (60,'쥬위 듀얼스크린 포터블 업무용 360도회전 노트북 서브 보조 모니터 15.6인치 화면2개',3,299000,100,'monitor16.PNG','쥬위');
Insert into MAINPROJECT.PRODUCTS (PRODUCT_ID,PRODUCT_NAME,CATEGORY_ID,PRICE,STOCK_QUANTITY,IMAGE_URL,BRAND) values (61,'카날스 LAY-8000 전문가용 라인 어레이 스피커 8인치 패시브 스피커 480W ',5,4125000,100,'speaker01.PNG','카날스');
Insert into MAINPROJECT.PRODUCTS (PRODUCT_ID,PRODUCT_NAME,CATEGORY_ID,PRICE,STOCK_QUANTITY,IMAGE_URL,BRAND) values (62,'앱코 HACKER K150 텐키리스 레인보우 LED 게이밍 멤브레인 유선 키보드',2,17880,100,'keyboard06.png','앱코');
Insert into MAINPROJECT.PRODUCTS (PRODUCT_ID,PRODUCT_NAME,CATEGORY_ID,PRICE,STOCK_QUANTITY,IMAGE_URL,BRAND) values (63,'크로스오버 FHD 오버파워 게이밍 모니터 24TZ144',3,160000,100,'monitor20.png','크로스오버');
Insert into MAINPROJECT.PRODUCTS (PRODUCT_ID,PRODUCT_NAME,CATEGORY_ID,PRICE,STOCK_QUANTITY,IMAGE_URL,BRAND) values (64,'NUPHY AIR60 V2 기계식 키보드 적축 블루투스 무선 유선 미니 텐키리스 슬림형',2,199000,100,'keyboard16.png','누피');
Insert into MAINPROJECT.PRODUCTS (PRODUCT_ID,PRODUCT_NAME,CATEGORY_ID,PRICE,STOCK_QUANTITY,IMAGE_URL,BRAND) values (65,'로이체 잔망루피 휴대용 무선 블루투스 스피커 ICNS-BTS-A-LP',5,42900,100,'speaker17.PNG','로이체');
Insert into MAINPROJECT.PRODUCTS (PRODUCT_ID,PRODUCT_NAME,CATEGORY_ID,PRICE,STOCK_QUANTITY,IMAGE_URL,BRAND) values (66,'삼성전자 유선마우스 SPA-JMA1PUB',1,9830,100,'mouse08.png','삼성전자');
Insert into MAINPROJECT.PRODUCTS (PRODUCT_ID,PRODUCT_NAME,CATEGORY_ID,PRICE,STOCK_QUANTITY,IMAGE_URL,BRAND) values (67,'로이체 2채널 멀티미디어 RGB 레인보우 LED 게이밍 사운드바 스피커 RSB-G5000',5,29900,99,'speaker03.PNG','로이체');
Insert into MAINPROJECT.PRODUCTS (PRODUCT_ID,PRODUCT_NAME,CATEGORY_ID,PRICE,STOCK_QUANTITY,IMAGE_URL,BRAND) values (68,'맥스틸 사운드바 스피커 SB-200',5,17000,100,'speaker04.PNG','맥스틸');
Insert into MAINPROJECT.PRODUCTS (PRODUCT_ID,PRODUCT_NAME,CATEGORY_ID,PRICE,STOCK_QUANTITY,IMAGE_URL,BRAND) values (69,'지클릭커 무소음 무선 마우스 GM-W3000',1,6730,100,'mouse15.png','지클릭커');
Insert into MAINPROJECT.PRODUCTS (PRODUCT_ID,PRODUCT_NAME,CATEGORY_ID,PRICE,STOCK_QUANTITY,IMAGE_URL,BRAND) values (70,'액센 7 in 1 시계 무선충전 블루투스 스피커 BS50',5,32000,100,'speaker11.PNG','액센');
Insert into MAINPROJECT.PRODUCTS (PRODUCT_ID,PRODUCT_NAME,CATEGORY_ID,PRICE,STOCK_QUANTITY,IMAGE_URL,BRAND) values (71,'로이체 FULL HD 마이크 내장 웹 카메라 RPC-20F + 삼각대 세트',4,29900,100,'webcam13.PNG','로이체');
Insert into MAINPROJECT.PRODUCTS (PRODUCT_ID,PRODUCT_NAME,CATEGORY_ID,PRICE,STOCK_QUANTITY,IMAGE_URL,BRAND) values (72,'OBSBOT 공식정품 Tiny 2 4K AI 스트리밍 ptz캠 ptz카메라 화상 카메라',4,469000,100,'webcam01.PNG','OBSBOT');
Insert into MAINPROJECT.PRODUCTS (PRODUCT_ID,PRODUCT_NAME,CATEGORY_ID,PRICE,STOCK_QUANTITY,IMAGE_URL,BRAND) values (73,'지클릭커 게이밍 마우스 GM-M250',1,5590,100,'mouse18.png','지클릭커');
Insert into MAINPROJECT.PRODUCTS (PRODUCT_ID,PRODUCT_NAME,CATEGORY_ID,PRICE,STOCK_QUANTITY,IMAGE_URL,BRAND) values (75,'로이체 프리미엄 RGB 노이즈 캔슬링 마이크 멀티페어링 블루투스 무선 게이밍 헤드셋 BTH-G500',6,59900,100,'headset16.PNG','로이체');
Insert into MAINPROJECT.PRODUCTS (PRODUCT_ID,PRODUCT_NAME,CATEGORY_ID,PRICE,STOCK_QUANTITY,IMAGE_URL,BRAND) values (76,'빅트랙 FHD IPS 평면 모니터',3,129000,100,'monitor03.PNG','빅트랙');
Insert into MAINPROJECT.PRODUCTS (PRODUCT_ID,PRODUCT_NAME,CATEGORY_ID,PRICE,STOCK_QUANTITY,IMAGE_URL,BRAND) values (77,'지클릭커 G3 Plus 레인보우 LED 유선 일반형 키보드',2,9500,100,'keyboard07.png','지클릭커');
Insert into MAINPROJECT.PRODUCTS (PRODUCT_ID,PRODUCT_NAME,CATEGORY_ID,PRICE,STOCK_QUANTITY,IMAGE_URL,BRAND) values (78,'에이투 USB 유선 게이밍 마우스 AG0101',1,24900,100,'mouse09.png','에이투');
Insert into MAINPROJECT.PRODUCTS (PRODUCT_ID,PRODUCT_NAME,CATEGORY_ID,PRICE,STOCK_QUANTITY,IMAGE_URL,BRAND) values (79,'에비크 4K UHD 18인치 포터블 DEX 휴대용 모니터 1.06B 색상지원',3,459000,100,'monitor17.PNG','에비크');
Insert into MAINPROJECT.PRODUCTS (PRODUCT_ID,PRODUCT_NAME,CATEGORY_ID,PRICE,STOCK_QUANTITY,IMAGE_URL,BRAND) values (80,'스틸시리즈 Arctis Nova 5 모바일 앱 연동 무선 게이밍 블루투스헤드셋',6,189050,100,'headset01.png','스틸시리즈');
Insert into MAINPROJECT.PRODUCTS (PRODUCT_ID,PRODUCT_NAME,CATEGORY_ID,PRICE,STOCK_QUANTITY,IMAGE_URL,BRAND) values (81,'주연테크 FHD 100Hz 화이트 모니터',3,109000,100,'monitor09.PNG','주연테크');
Insert into MAINPROJECT.PRODUCTS (PRODUCT_ID,PRODUCT_NAME,CATEGORY_ID,PRICE,STOCK_QUANTITY,IMAGE_URL,BRAND) values (82,'인켈 ARIA 무선 15W 고속충전 블루투스 미니 스피커 IK-WS3',5,99000,100,'speaker013.PNG','인켈');
Insert into MAINPROJECT.PRODUCTS (PRODUCT_ID,PRODUCT_NAME,CATEGORY_ID,PRICE,STOCK_QUANTITY,IMAGE_URL,BRAND) values (83,'로지텍 게이밍 무선 블루투스헤드셋 G435',6,92450,100,'headset17.PNG','로지텍');
Insert into MAINPROJECT.PRODUCTS (PRODUCT_ID,PRODUCT_NAME,CATEGORY_ID,PRICE,STOCK_QUANTITY,IMAGE_URL,BRAND) values (84,'로지텍 POP KEYS 무선 기계식 텐키리스 키보드 YR0080 + 한글 키스킨 + 청소솔',2,78900,100,'keyboard19.png','로지텍');
Insert into MAINPROJECT.PRODUCTS (PRODUCT_ID,PRODUCT_NAME,CATEGORY_ID,PRICE,STOCK_QUANTITY,IMAGE_URL,BRAND) values (85,'보스 QC 헤드폰 화이트스모크',6,389000,100,'headset18.PNG','보스');
Insert into MAINPROJECT.PRODUCTS (PRODUCT_ID,PRODUCT_NAME,CATEGORY_ID,PRICE,STOCK_QUANTITY,IMAGE_URL,BRAND) values (86,'COX 초경량 7.1 LED 노이즈 캔슬링 마이크 3D 헤드셋 CH42',6,27900,100,'headset06.PNG','COX');
Insert into MAINPROJECT.PRODUCTS (PRODUCT_ID,PRODUCT_NAME,CATEGORY_ID,PRICE,STOCK_QUANTITY,IMAGE_URL,BRAND) values (87,'PIXELART PA2740W 화이트 120Hz FHD IPS 27형 모니터 무결점',3,169000,100,'monitor18.PNG','픽셀아트');
Insert into MAINPROJECT.PRODUCTS (PRODUCT_ID,PRODUCT_NAME,CATEGORY_ID,PRICE,STOCK_QUANTITY,IMAGE_URL,BRAND) values (88,'TGIC컴퓨터 TGC-K1200U USB 유선 일반형 키보드',2,8000,100,'keyboard09.png','TGIC');
Insert into MAINPROJECT.PRODUCTS (PRODUCT_ID,PRODUCT_NAME,CATEGORY_ID,PRICE,STOCK_QUANTITY,IMAGE_URL,BRAND) values (89,'앱코 저소음 풀배열 멤브레인 108키 키보드',2,27820,100,'keyboard02.png','앱코');
Insert into MAINPROJECT.PRODUCTS (PRODUCT_ID,PRODUCT_NAME,CATEGORY_ID,PRICE,STOCK_QUANTITY,IMAGE_URL,BRAND) values (90,'아이리버 사운드바 스피커 IR-SB560',5,36000,100,'speaker05.PNG','아이리버');
Insert into MAINPROJECT.PRODUCTS (PRODUCT_ID,PRODUCT_NAME,CATEGORY_ID,PRICE,STOCK_QUANTITY,IMAGE_URL,BRAND) values (91,'아이리버 무소음 무선 마우스 EQwear-V10',1,14240,100,'mouse13.png','아이리버');
Insert into MAINPROJECT.PRODUCTS (PRODUCT_ID,PRODUCT_NAME,CATEGORY_ID,PRICE,STOCK_QUANTITY,IMAGE_URL,BRAND) values (92,'로지텍 무소음 무선 마우스 M331',1,26700,100,'mouse07.png','로지텍');
Insert into MAINPROJECT.PRODUCTS (PRODUCT_ID,PRODUCT_NAME,CATEGORY_ID,PRICE,STOCK_QUANTITY,IMAGE_URL,BRAND) values (93,'한성컴퓨터 WQHD 1500R 게이밍 리얼 모니터',3,299000,100,'monitor06.PNG','한성컴퓨터');
Insert into MAINPROJECT.PRODUCTS (PRODUCT_ID,PRODUCT_NAME,CATEGORY_ID,PRICE,STOCK_QUANTITY,IMAGE_URL,BRAND) values (94,'LG전자 FHD PC 모니터',3,196570,100,'monitor10.PNG','LG전자');
Insert into MAINPROJECT.PRODUCTS (PRODUCT_ID,PRODUCT_NAME,CATEGORY_ID,PRICE,STOCK_QUANTITY,IMAGE_URL,BRAND) values (95,'에이투 키5 기계식 게이밍 유선 텐키리스 키보드',2,140400,100,'keyboard08.png','에이투');
Insert into MAINPROJECT.PRODUCTS (PRODUCT_ID,PRODUCT_NAME,CATEGORY_ID,PRICE,STOCK_QUANTITY,IMAGE_URL,BRAND) values (96,'LG전자 WFHD 울트라와이드 모니터',3,239000,100,'monitor08.PNG','LG전자');
Insert into MAINPROJECT.PRODUCTS (PRODUCT_ID,PRODUCT_NAME,CATEGORY_ID,PRICE,STOCK_QUANTITY,IMAGE_URL,BRAND) values (97,'앱코 가상 7.1 RGB 진동 게이밍 헤드셋 B771',6,57920,100,'headset19.PNG','앱코');
Insert into MAINPROJECT.PRODUCTS (PRODUCT_ID,PRODUCT_NAME,CATEGORY_ID,PRICE,STOCK_QUANTITY,IMAGE_URL,BRAND) values (98,'로이체 터치램프 블루투스 스피커 BTS-250',5,19900,100,'speaker10.PNG','로이체');
Insert into MAINPROJECT.PRODUCTS (PRODUCT_ID,PRODUCT_NAME,CATEGORY_ID,PRICE,STOCK_QUANTITY,IMAGE_URL,BRAND) values (99,'삼성전자 유선 일반형 키보드 + 키스킨',2,18050,100,'keyboard04.png','삼성전자');
Insert into MAINPROJECT.PRODUCTS (PRODUCT_ID,PRODUCT_NAME,CATEGORY_ID,PRICE,STOCK_QUANTITY,IMAGE_URL,BRAND) values (100,'녹스 게이밍 헤드셋 NX-3PLUS',6,50000,100,'headset04.PNG','녹스');
Insert into MAINPROJECT.PRODUCTS (PRODUCT_ID,PRODUCT_NAME,CATEGORY_ID,PRICE,STOCK_QUANTITY,IMAGE_URL,BRAND) values (101,'아이리버 블랭크 사운드드럼 시즌2 블루투스 스피커 BTS-D1',5,32800,100,'speaker12.PNG','아이리버');
Insert into MAINPROJECT.PRODUCTS (PRODUCT_ID,PRODUCT_NAME,CATEGORY_ID,PRICE,STOCK_QUANTITY,IMAGE_URL,BRAND) values (102,'소니 노이즈캔슬링 블루투스 헤드폰 WH-100XM5',6,409250,100,'headset14.PNG','소니');
Insert into MAINPROJECT.PRODUCTS (PRODUCT_ID,PRODUCT_NAME,CATEGORY_ID,PRICE,STOCK_QUANTITY,IMAGE_URL,BRAND) values (103,'삼성전자 무소음 무선 마우스 SPA-KMA4PRB',1,17900,100,'mouse19.png','삼성전자');
Insert into MAINPROJECT.PRODUCTS (PRODUCT_ID,PRODUCT_NAME,CATEGORY_ID,PRICE,STOCK_QUANTITY,IMAGE_URL,BRAND) values (104,'브리츠 미니어처 축음기 블루투스 스피커 BA-MK150',5,28900,100,'speaker16.PNG','브리츠');
Insert into MAINPROJECT.PRODUCTS (PRODUCT_ID,PRODUCT_NAME,CATEGORY_ID,PRICE,STOCK_QUANTITY,IMAGE_URL,BRAND) values (105,'아이리버 무소음 무선 마우스 EQwear-V10',1,14240,98,'mouse05.png','아이리버 ');
Insert into MAINPROJECT.PRODUCTS (PRODUCT_ID,PRODUCT_NAME,CATEGORY_ID,PRICE,STOCK_QUANTITY,IMAGE_URL,BRAND) values (106,'소니 편한 데일리 헤드폰 WH-CH520',6,84000,100,'headset11.PNG','소니');
Insert into MAINPROJECT.PRODUCTS (PRODUCT_ID,PRODUCT_NAME,CATEGORY_ID,PRICE,STOCK_QUANTITY,IMAGE_URL,BRAND) values (107,'SCARLET 가상 7.1 RGB 진동 노이즈캔슬링 마이크 게이밍 헤드셋',6,40700,100,'headset12.PNG','COX');
Insert into MAINPROJECT.PRODUCTS (PRODUCT_ID,PRODUCT_NAME,CATEGORY_ID,PRICE,STOCK_QUANTITY,IMAGE_URL,BRAND) values (108,'한성컴퓨터 멤브레인 게이밍 유선 일반형 키보드',2,21900,100,'keyboard10.png','한성컴퓨터');
Insert into MAINPROJECT.PRODUCTS (PRODUCT_ID,PRODUCT_NAME,CATEGORY_ID,PRICE,STOCK_QUANTITY,IMAGE_URL,BRAND) values (109,'아이리버 가상7.1채널 노이즈캔슬링 ENC마이크 아이스블루LED USB 게이밍 헤드셋 EQwear-G30H Mirror',6,62700,100,'headset07.PNG','아이리버');
Insert into MAINPROJECT.PRODUCTS (PRODUCT_ID,PRODUCT_NAME,CATEGORY_ID,PRICE,STOCK_QUANTITY,IMAGE_URL,BRAND) values (110,'스피세프 USB 7.1 RGB 서라운드 컴퓨터 게이밍 마이크 헤드셋',6,35000,100,'headset08.PNG','스피세프');
Insert into MAINPROJECT.PRODUCTS (PRODUCT_ID,PRODUCT_NAME,CATEGORY_ID,PRICE,STOCK_QUANTITY,IMAGE_URL,BRAND) values (111,'KOORUI 68.5cm 평면 모니터 27인치 FHD IPS 75HZ 27N1',3,249000,100,'monitor04.PNG','쿠루이');
Insert into MAINPROJECT.PRODUCTS (PRODUCT_ID,PRODUCT_NAME,CATEGORY_ID,PRICE,STOCK_QUANTITY,IMAGE_URL,BRAND) values (112,'로이체 스누피 액자형 LED 무드등 블루투스 스피커 PNTS-PFS-A-SN',5,39900,100,'speaker19.PNG','로이체');
Insert into MAINPROJECT.PRODUCTS (PRODUCT_ID,PRODUCT_NAME,CATEGORY_ID,PRICE,STOCK_QUANTITY,IMAGE_URL,BRAND) values (113,'아이리버 블루투스 헤드폰 BS-BT101',6,39000,100,'headset13.PNG','아이리버');
Insert into MAINPROJECT.PRODUCTS (PRODUCT_ID,PRODUCT_NAME,CATEGORY_ID,PRICE,STOCK_QUANTITY,IMAGE_URL,BRAND) values (114,'DOXX 저소음 USB 유선 사무실 에서 조용히 사용가능한 키보드 DK-K102',2,9000,100,'keyboard15.png','DOXX');
Insert into MAINPROJECT.PRODUCTS (PRODUCT_ID,PRODUCT_NAME,CATEGORY_ID,PRICE,STOCK_QUANTITY,IMAGE_URL,BRAND) values (115,'지클릭커 LED 크리스탈 투명 104키 게이밍 유선 기계식 키보드',2,36800,100,'keyboard12.png','지클릭커');
Insert into MAINPROJECT.PRODUCTS (PRODUCT_ID,PRODUCT_NAME,CATEGORY_ID,PRICE,STOCK_QUANTITY,IMAGE_URL,BRAND) values (116,'로지텍 HD 웹캠 C270',4,31550,100,'webcam02.PNG','로지텍');
Insert into MAINPROJECT.PRODUCTS (PRODUCT_ID,PRODUCT_NAME,CATEGORY_ID,PRICE,STOCK_QUANTITY,IMAGE_URL,BRAND) values (117,'COX 기계식 게이밍 유선 텐키리스 키보드',2,36700,100,'keyboard11.png','COX');
Insert into MAINPROJECT.PRODUCTS (PRODUCT_ID,PRODUCT_NAME,CATEGORY_ID,PRICE,STOCK_QUANTITY,IMAGE_URL,BRAND) values (118,'TAIDU 타이두 THS320 최신 3모드 무선 게이밍 헤드셋',6,132000,100,'headset09.PNG','타이두');
Insert into MAINPROJECT.PRODUCTS (PRODUCT_ID,PRODUCT_NAME,CATEGORY_ID,PRICE,STOCK_QUANTITY,IMAGE_URL,BRAND) values (119,'QCY H2 PRO 블루투스 헤드셋',6,25000,100,'headset10.PNG','QCY');
Insert into MAINPROJECT.PRODUCTS (PRODUCT_ID,PRODUCT_NAME,CATEGORY_ID,PRICE,STOCK_QUANTITY,IMAGE_URL,BRAND) values (120,'아이리버 노이즈 캔슬링 마이크 레이보우 LED USB 게이밍 헤드셋 EQwear-G7H',6,26800,100,'headset03.PNG','아이리버');
Insert into MAINPROJECT.PRODUCTS (PRODUCT_ID,PRODUCT_NAME,CATEGORY_ID,PRICE,STOCK_QUANTITY,IMAGE_URL,BRAND) values (121,'ZIYOULANG 축교환 LED 기계식 유선 키보드 K3MAX',2,88900,100,'keyboard14.png','ZIYOULANG');
Insert into MAINPROJECT.PRODUCTS (PRODUCT_ID,PRODUCT_NAME,CATEGORY_ID,PRICE,STOCK_QUANTITY,IMAGE_URL,BRAND) values (122,'오아 아이브릭 휴대용 미니 무선 블루투스 스피커 OA-SP600',5,24800,100,'speaker06.PNG','오아');
Insert into MAINPROJECT.PRODUCTS (PRODUCT_ID,PRODUCT_NAME,CATEGORY_ID,PRICE,STOCK_QUANTITY,IMAGE_URL,BRAND) values (123,'한성컴퓨터 FHD 리얼 165 게이밍 모니터 일반',3,259000,100,'monitor07.PNG','한성컴퓨터');
Insert into MAINPROJECT.PRODUCTS (PRODUCT_ID,PRODUCT_NAME,CATEGORY_ID,PRICE,STOCK_QUANTITY,IMAGE_URL,BRAND) values (124,'레이저 KIYO X 웹캠 RZ19-0417',4,47000,100,'webcam20.PNG','레이저');
Insert into MAINPROJECT.PRODUCTS (PRODUCT_ID,PRODUCT_NAME,CATEGORY_ID,PRICE,STOCK_QUANTITY,IMAGE_URL,BRAND) values (125,'앱코 FHD 웹캠 APC900',4,57820,100,'webcam17.PNG','앱코');
Insert into MAINPROJECT.PRODUCTS (PRODUCT_ID,PRODUCT_NAME,CATEGORY_ID,PRICE,STOCK_QUANTITY,IMAGE_URL,BRAND) values (126,'홈플래닛 60.45cm FHD 리얼 165Hz 게이밍 모니터',3,149990,100,'monitor13.PNG','홈플래닛');
Insert into MAINPROJECT.PRODUCTS (PRODUCT_ID,PRODUCT_NAME,CATEGORY_ID,PRICE,STOCK_QUANTITY,IMAGE_URL,BRAND) values (127,'KOORUI 60.45cm FHD Fast IPS 리얼 165Hz 1ms(gtg) 게이밍 모니터 24E3 블랙 [프리싱크/G-sync 지원]',3,309000,100,'monitor05.PNG','쿠루이');
Insert into MAINPROJECT.PRODUCTS (PRODUCT_ID,PRODUCT_NAME,CATEGORY_ID,PRICE,STOCK_QUANTITY,IMAGE_URL,BRAND) values (128,'로지텍 스트리밍용 웹캠 VU0054',4,197690,100,'webcam12.PNG','로지텍');
Insert into MAINPROJECT.PRODUCTS (PRODUCT_ID,PRODUCT_NAME,CATEGORY_ID,PRICE,STOCK_QUANTITY,IMAGE_URL,BRAND) values (129,'로지텍 USB 유선 일반형 키보드',2,10910,100,'keyboard03.png','로지텍');
Insert into MAINPROJECT.PRODUCTS (PRODUCT_ID,PRODUCT_NAME,CATEGORY_ID,PRICE,STOCK_QUANTITY,IMAGE_URL,BRAND) values (130,'한성컴퓨터 가상 7.1채널 게이밍 헤드셋 TFG CH240',6,24900,100,'headset20.PNG','한성컴퓨터');
Insert into MAINPROJECT.PRODUCTS (PRODUCT_ID,PRODUCT_NAME,CATEGORY_ID,PRICE,STOCK_QUANTITY,IMAGE_URL,BRAND) values (131,'에이투 플로우 RGB 레인보우 블루투스 5.3 게이밍 사운드바',5,60700,100,'speaker09.PNG','에이투');
Insert into MAINPROJECT.PRODUCTS (PRODUCT_ID,PRODUCT_NAME,CATEGORY_ID,PRICE,STOCK_QUANTITY,IMAGE_URL,BRAND) values (132,'앱코 저소음 텐키리스 멤브레인 87키 키보드',2,25220,100,'keyboard13.png','앱코');
Insert into MAINPROJECT.PRODUCTS (PRODUCT_ID,PRODUCT_NAME,CATEGORY_ID,PRICE,STOCK_QUANTITY,IMAGE_URL,BRAND) values (133,'홈플래닛 방송용/수업용 HD웹캠 화상카메라 (마이크내장)',4,29900,100,'webcam03.PNG','홈플래닛');
Insert into MAINPROJECT.PRODUCTS (PRODUCT_ID,PRODUCT_NAME,CATEGORY_ID,PRICE,STOCK_QUANTITY,IMAGE_URL,BRAND) values (134,'아이플렉스 토끼 무선 마우스 WM-RABIT',1,9900,100,'mouse14.png','아이플렉스');
Insert into MAINPROJECT.PRODUCTS (PRODUCT_ID,PRODUCT_NAME,CATEGORY_ID,PRICE,STOCK_QUANTITY,IMAGE_URL,BRAND) values (135,'앱코 가상 7.1 RGB 게이밍 헤드셋 N460',6,22600,100,'headset05.PNG','앱코');
REM INSERTING into MAINPROJECT.PRODUCT_DESCRIPTIONS
SET DEFINE OFF;
REM INSERTING into MAINPROJECT.USERS
SET DEFINE OFF;
Insert into MAINPROJECT.USERS (USER_ID,USERNAME,EMAIL,PASSWORD,PHONE_NUMBER,GRADE) values (3,'test3','test3@a.a','4321','phone3','A');
Insert into MAINPROJECT.USERS (USER_ID,USERNAME,EMAIL,PASSWORD,PHONE_NUMBER,GRADE) values (1,'test1','test1@a.a','1234','phone1','ADMIN');
Insert into MAINPROJECT.USERS (USER_ID,USERNAME,EMAIL,PASSWORD,PHONE_NUMBER,GRADE) values (0,'lyw','lyw@naver.com','1234','01011111111','B');
Insert into MAINPROJECT.USERS (USER_ID,USERNAME,EMAIL,PASSWORD,PHONE_NUMBER,GRADE) values (2,'test2','test2@a.a','1234','phone2','C');
Insert into MAINPROJECT.USERS (USER_ID,USERNAME,EMAIL,PASSWORD,PHONE_NUMBER,GRADE) values (5,'yongwoon24','yongwoon22@naver.com','1234','01099856572','D');
Insert into MAINPROJECT.USERS (USER_ID,USERNAME,EMAIL,PASSWORD,PHONE_NUMBER,GRADE) values (6,'lyw123','lyw@lyw.lyw','1234','01012341234','E');
Insert into MAINPROJECT.USERS (USER_ID,USERNAME,EMAIL,PASSWORD,PHONE_NUMBER,GRADE) values (7,'안현진','asefes@naver.com','1234','010010110','E');
Insert into MAINPROJECT.USERS (USER_ID,USERNAME,EMAIL,PASSWORD,PHONE_NUMBER,GRADE) values (8,'김이박','sasdef@gdfrs.com','1234','010','E');
Insert into MAINPROJECT.USERS (USER_ID,USERNAME,EMAIL,PASSWORD,PHONE_NUMBER,GRADE) values (9,'이용운','yongwoon24@gmail.com','1234','01099856572','E');
Insert into MAINPROJECT.USERS (USER_ID,USERNAME,EMAIL,PASSWORD,PHONE_NUMBER,GRADE) values (10,'홍길동','xsdgky@fxg.com','1234','01058647823','E');
Insert into MAINPROJECT.USERS (USER_ID,USERNAME,EMAIL,PASSWORD,PHONE_NUMBER,GRADE) values (11,'이순신','leess@naver.com','1234','01012346543','E');
Insert into MAINPROJECT.USERS (USER_ID,USERNAME,EMAIL,PASSWORD,PHONE_NUMBER,GRADE) values (12,'곽두팔','zdsged@gfrfdh.com','1234','01072638745','E');
Insert into MAINPROJECT.USERS (USER_ID,USERNAME,EMAIL,PASSWORD,PHONE_NUMBER,GRADE) values (13,'김건우','rth84@daum.net','1234','01062547255','E');
Insert into MAINPROJECT.USERS (USER_ID,USERNAME,EMAIL,PASSWORD,PHONE_NUMBER,GRADE) values (14,'박아인','sedgs5@daum.net','1234','01012454256','E');
Insert into MAINPROJECT.USERS (USER_ID,USERNAME,EMAIL,PASSWORD,PHONE_NUMBER,GRADE) values (15,'강민아','78sdgga@naver.com','1234','01087967257','E');
Insert into MAINPROJECT.USERS (USER_ID,USERNAME,EMAIL,PASSWORD,PHONE_NUMBER,GRADE) values (16,'차다영','dgrh5@daum.net','1234','01054137258','E');
Insert into MAINPROJECT.USERS (USER_ID,USERNAME,EMAIL,PASSWORD,PHONE_NUMBER,GRADE) values (17,'표창인','vgdfh@naver.com','1234','01025463251','E');
Insert into MAINPROJECT.USERS (USER_ID,USERNAME,EMAIL,PASSWORD,PHONE_NUMBER,GRADE) values (18,'이현수','gdfg45@daum.net','1234','01012545214','E');
Insert into MAINPROJECT.USERS (USER_ID,USERNAME,EMAIL,PASSWORD,PHONE_NUMBER,GRADE) values (20,'김지영','4sdaA4@naver.com','1234','01015361601','E');
Insert into MAINPROJECT.USERS (USER_ID,USERNAME,EMAIL,PASSWORD,PHONE_NUMBER,GRADE) values (21,'강이찬','dgvdf@daum.net','1234','01036523257','E');
Insert into MAINPROJECT.USERS (USER_ID,USERNAME,EMAIL,PASSWORD,PHONE_NUMBER,GRADE) values (22,'육룡이','gfsdg@naver.com','1234','01055213258','E');
Insert into MAINPROJECT.USERS (USER_ID,USERNAME,EMAIL,PASSWORD,PHONE_NUMBER,GRADE) values (23,'나르샤','cgjhhk@daum.net','1234','01025543461','E');
Insert into MAINPROJECT.USERS (USER_ID,USERNAME,EMAIL,PASSWORD,PHONE_NUMBER,GRADE) values (24,'유자인','tujgf@naver.com','1234','01015545455','E');
Insert into MAINPROJECT.USERS (USER_ID,USERNAME,EMAIL,PASSWORD,PHONE_NUMBER,GRADE) values (25,'박인아','fyhuiuk@naver.com','1234','01012486546','E');
Insert into MAINPROJECT.USERS (USER_ID,USERNAME,EMAIL,PASSWORD,PHONE_NUMBER,GRADE) values (26,'이예지','dhyhjkd@daum.net','1234','01087965417','E');
Insert into MAINPROJECT.USERS (USER_ID,USERNAME,EMAIL,PASSWORD,PHONE_NUMBER,GRADE) values (27,'이진예','aesrfa@gmail.com','1234','01054164518','E');
Insert into MAINPROJECT.USERS (USER_ID,USERNAME,EMAIL,PASSWORD,PHONE_NUMBER,GRADE) values (28,'이채','juyk@daum.net','1234','01024152251','E');
Insert into MAINPROJECT.USERS (USER_ID,USERNAME,EMAIL,PASSWORD,PHONE_NUMBER,GRADE) values (29,'선우제일','ukiyhz@gmail.com','1234','01015658578','E');
Insert into MAINPROJECT.USERS (USER_ID,USERNAME,EMAIL,PASSWORD,PHONE_NUMBER,GRADE) values (30,'김대한','ryryu@gmail.com','1234','01063516386','E');
Insert into MAINPROJECT.USERS (USER_ID,USERNAME,EMAIL,PASSWORD,PHONE_NUMBER,GRADE) values (31,'박민국','oluiou@gmail.com','1234','01035649452','E');
Insert into MAINPROJECT.USERS (USER_ID,USERNAME,EMAIL,PASSWORD,PHONE_NUMBER,GRADE) values (32,'이만세','uoiyg@gmail.com','1234','01054437258','E');
Insert into MAINPROJECT.USERS (USER_ID,USERNAME,EMAIL,PASSWORD,PHONE_NUMBER,GRADE) values (33,'강우리','poiuujh@naver.com','1234','01092525153','E');
Insert into MAINPROJECT.USERS (USER_ID,USERNAME,EMAIL,PASSWORD,PHONE_NUMBER,GRADE) values (34,'신나라','mdfglkjh@gmail.com','1234','01095978789','E');
Insert into MAINPROJECT.USERS (USER_ID,USERNAME,EMAIL,PASSWORD,PHONE_NUMBER,GRADE) values (35,'이푸른','cfhdvh@naver.com','1234','01096521790','E');
Insert into MAINPROJECT.USERS (USER_ID,USERNAME,EMAIL,PASSWORD,PHONE_NUMBER,GRADE) values (36,'정세상','ujtyfd@naver.com','1234','01055978791','E');
Insert into MAINPROJECT.USERS (USER_ID,USERNAME,EMAIL,PASSWORD,PHONE_NUMBER,GRADE) values (37,'김이경','gfhyuyh@naver.com','1234','01045687792','E');
Insert into MAINPROJECT.USERS (USER_ID,USERNAME,EMAIL,PASSWORD,PHONE_NUMBER,GRADE) values (38,'이이승','ytrfed@gmail.com','1234','01065478793','E');
Insert into MAINPROJECT.USERS (USER_ID,USERNAME,EMAIL,PASSWORD,PHONE_NUMBER,GRADE) values (39,'지경욱','rtyui@gmail.com','1234','01069852484','E');
Insert into MAINPROJECT.USERS (USER_ID,USERNAME,EMAIL,PASSWORD,PHONE_NUMBER,GRADE) values (40,'우기영','oiuytr@naver.com','1234','01069854455','E');
Insert into MAINPROJECT.USERS (USER_ID,USERNAME,EMAIL,PASSWORD,PHONE_NUMBER,GRADE) values (41,'사진후','dr5tyu@naver.com','1234','01069852546','E');
Insert into MAINPROJECT.USERS (USER_ID,USERNAME,EMAIL,PASSWORD,PHONE_NUMBER,GRADE) values (42,'심채린','oiuyt@gmail.com','1234','01095975566','E');
Insert into MAINPROJECT.USERS (USER_ID,USERNAME,EMAIL,PASSWORD,PHONE_NUMBER,GRADE) values (43,'강진','qwert@naver.com','1234','01085945687','E');
Insert into MAINPROJECT.USERS (USER_ID,USERNAME,EMAIL,PASSWORD,PHONE_NUMBER,GRADE) values (44,'남궁예찬','qas156@naver.com','1234','01071565965','E');
Insert into MAINPROJECT.USERS (USER_ID,USERNAME,EMAIL,PASSWORD,PHONE_NUMBER,GRADE) values (45,'제갈연정','hytg@naver.com','1234','01068426589]','E');
Insert into MAINPROJECT.USERS (USER_ID,USERNAME,EMAIL,PASSWORD,PHONE_NUMBER,GRADE) values (46,'이사랑','mnbgh@daum.net','1234','01078565541','E');
Insert into MAINPROJECT.USERS (USER_ID,USERNAME,EMAIL,PASSWORD,PHONE_NUMBER,GRADE) values (47,'남도신','dfghnb@daum.net','1234','01055564805','E');
Insert into MAINPROJECT.USERS (USER_ID,USERNAME,EMAIL,PASSWORD,PHONE_NUMBER,GRADE) values (48,'도서련','jhyg5416@gmail.com','1234','01095978803','E');
Insert into MAINPROJECT.USERS (USER_ID,USERNAME,EMAIL,PASSWORD,PHONE_NUMBER,GRADE) values (49,'김정후','cvhytf@naver.com','1234','01085542569','E');
Insert into MAINPROJECT.USERS (USER_ID,USERNAME,EMAIL,PASSWORD,PHONE_NUMBER,GRADE) values (50,'김이정신','ycvgtfg@daum.net','1234','01095955505','E');
Insert into MAINPROJECT.USERS (USER_ID,USERNAME,EMAIL,PASSWORD,PHONE_NUMBER,GRADE) values (51,'이시우','oiujjh@naver.com','1234','01095665206','E');
Insert into MAINPROJECT.USERS (USER_ID,USERNAME,EMAIL,PASSWORD,PHONE_NUMBER,GRADE) values (52,'정휘성','drygf@naver.com','1234','01056618807','E');
Insert into MAINPROJECT.USERS (USER_ID,USERNAME,EMAIL,PASSWORD,PHONE_NUMBER,GRADE) values (53,'류시언','esdfg@naver.com','1234','01032078805','E');
Insert into MAINPROJECT.USERS (USER_ID,USERNAME,EMAIL,PASSWORD,PHONE_NUMBER,GRADE) values (54,'예지윤','rtfgd@naver.com','1234','01095985969','E');
Insert into MAINPROJECT.USERS (USER_ID,USERNAME,EMAIL,PASSWORD,PHONE_NUMBER,GRADE) values (55,'차아성','sdfg52@naver.com','1234','01005218810','E');
Insert into MAINPROJECT.USERS (USER_ID,USERNAME,EMAIL,PASSWORD,PHONE_NUMBER,GRADE) values (56,'선이건','ytfv64@daum.net','1234','01062656962','E');
Insert into MAINPROJECT.USERS (USER_ID,USERNAME,EMAIL,PASSWORD,PHONE_NUMBER,GRADE) values (57,'건곤이','iuyg@naver.com','1234','01065545978','E');
Insert into MAINPROJECT.USERS (USER_ID,USERNAME,EMAIL,PASSWORD,PHONE_NUMBER,GRADE) values (58,'정찬양','nbvcjh@gmail.com','1234','01059788513','E');
Insert into MAINPROJECT.USERS (USER_ID,USERNAME,EMAIL,PASSWORD,PHONE_NUMBER,GRADE) values (59,'이청우','asdfg@gmail.com','1234','01088852414','E');
Insert into MAINPROJECT.USERS (USER_ID,USERNAME,EMAIL,PASSWORD,PHONE_NUMBER,GRADE) values (60,'신현재','ijnedfv@naver.com','1234','01025965774','E');
Insert into MAINPROJECT.USERS (USER_ID,USERNAME,EMAIL,PASSWORD,PHONE_NUMBER,GRADE) values (61,'우상우','aerf@naver.com','1234','01097568816','E');
Insert into MAINPROJECT.USERS (USER_ID,USERNAME,EMAIL,PASSWORD,PHONE_NUMBER,GRADE) values (63,'이파랑','uytase@gmail.com','1234','01055648817','E');
Insert into MAINPROJECT.USERS (USER_ID,USERNAME,EMAIL,PASSWORD,PHONE_NUMBER,GRADE) values (64,'김은성','poiujh@naver.com','1234','01095978818','E');
Insert into MAINPROJECT.USERS (USER_ID,USERNAME,EMAIL,PASSWORD,PHONE_NUMBER,GRADE) values (65,'김회원','ghldnjs@naver.com','1234','010','E');
REM INSERTING into MAINPROJECT.USER_VIEWS
SET DEFINE OFF;
Insert into MAINPROJECT.USER_VIEWS (VIEW_ID,USER_ID,PRODUCT_ID,VIEWED_AT) values (1,3,3,to_date('24/09/19','RR/MM/DD'));
Insert into MAINPROJECT.USER_VIEWS (VIEW_ID,USER_ID,PRODUCT_ID,VIEWED_AT) values (2,3,3,to_date('24/09/19','RR/MM/DD'));
Insert into MAINPROJECT.USER_VIEWS (VIEW_ID,USER_ID,PRODUCT_ID,VIEWED_AT) values (3,1,1,to_date('24/09/19','RR/MM/DD'));
Insert into MAINPROJECT.USER_VIEWS (VIEW_ID,USER_ID,PRODUCT_ID,VIEWED_AT) values (4,1,1,to_date('24/09/19','RR/MM/DD'));
Insert into MAINPROJECT.USER_VIEWS (VIEW_ID,USER_ID,PRODUCT_ID,VIEWED_AT) values (5,1,1,to_date('24/09/19','RR/MM/DD'));
Insert into MAINPROJECT.USER_VIEWS (VIEW_ID,USER_ID,PRODUCT_ID,VIEWED_AT) values (6,1,1,to_date('24/09/19','RR/MM/DD'));
Insert into MAINPROJECT.USER_VIEWS (VIEW_ID,USER_ID,PRODUCT_ID,VIEWED_AT) values (7,3,3,to_date('24/09/19','RR/MM/DD'));
Insert into MAINPROJECT.USER_VIEWS (VIEW_ID,USER_ID,PRODUCT_ID,VIEWED_AT) values (8,3,3,to_date('24/09/19','RR/MM/DD'));
Insert into MAINPROJECT.USER_VIEWS (VIEW_ID,USER_ID,PRODUCT_ID,VIEWED_AT) values (9,3,3,to_date('24/09/19','RR/MM/DD'));
Insert into MAINPROJECT.USER_VIEWS (VIEW_ID,USER_ID,PRODUCT_ID,VIEWED_AT) values (10,3,3,to_date('24/09/19','RR/MM/DD'));
Insert into MAINPROJECT.USER_VIEWS (VIEW_ID,USER_ID,PRODUCT_ID,VIEWED_AT) values (11,3,3,to_date('24/09/23','RR/MM/DD'));
Insert into MAINPROJECT.USER_VIEWS (VIEW_ID,USER_ID,PRODUCT_ID,VIEWED_AT) values (12,3,3,to_date('24/09/23','RR/MM/DD'));
Insert into MAINPROJECT.USER_VIEWS (VIEW_ID,USER_ID,PRODUCT_ID,VIEWED_AT) values (13,3,3,to_date('24/09/23','RR/MM/DD'));
Insert into MAINPROJECT.USER_VIEWS (VIEW_ID,USER_ID,PRODUCT_ID,VIEWED_AT) values (14,3,12,to_date('24/09/23','RR/MM/DD'));
Insert into MAINPROJECT.USER_VIEWS (VIEW_ID,USER_ID,PRODUCT_ID,VIEWED_AT) values (15,1,1,to_date('24/09/23','RR/MM/DD'));
Insert into MAINPROJECT.USER_VIEWS (VIEW_ID,USER_ID,PRODUCT_ID,VIEWED_AT) values (16,1,2,to_date('24/09/23','RR/MM/DD'));
Insert into MAINPROJECT.USER_VIEWS (VIEW_ID,USER_ID,PRODUCT_ID,VIEWED_AT) values (17,1,2,to_date('24/09/23','RR/MM/DD'));
Insert into MAINPROJECT.USER_VIEWS (VIEW_ID,USER_ID,PRODUCT_ID,VIEWED_AT) values (18,1,2,to_date('24/09/23','RR/MM/DD'));
Insert into MAINPROJECT.USER_VIEWS (VIEW_ID,USER_ID,PRODUCT_ID,VIEWED_AT) values (19,1,9,to_date('24/09/23','RR/MM/DD'));
Insert into MAINPROJECT.USER_VIEWS (VIEW_ID,USER_ID,PRODUCT_ID,VIEWED_AT) values (20,1,9,to_date('24/09/23','RR/MM/DD'));
Insert into MAINPROJECT.USER_VIEWS (VIEW_ID,USER_ID,PRODUCT_ID,VIEWED_AT) values (21,5,7,to_date('24/09/23','RR/MM/DD'));
Insert into MAINPROJECT.USER_VIEWS (VIEW_ID,USER_ID,PRODUCT_ID,VIEWED_AT) values (22,5,7,to_date('24/09/23','RR/MM/DD'));
Insert into MAINPROJECT.USER_VIEWS (VIEW_ID,USER_ID,PRODUCT_ID,VIEWED_AT) values (23,5,11,to_date('24/09/23','RR/MM/DD'));
Insert into MAINPROJECT.USER_VIEWS (VIEW_ID,USER_ID,PRODUCT_ID,VIEWED_AT) values (24,5,11,to_date('24/09/23','RR/MM/DD'));
Insert into MAINPROJECT.USER_VIEWS (VIEW_ID,USER_ID,PRODUCT_ID,VIEWED_AT) values (25,1,1,to_date('24/09/23','RR/MM/DD'));
Insert into MAINPROJECT.USER_VIEWS (VIEW_ID,USER_ID,PRODUCT_ID,VIEWED_AT) values (26,0,6,to_date('24/09/23','RR/MM/DD'));
Insert into MAINPROJECT.USER_VIEWS (VIEW_ID,USER_ID,PRODUCT_ID,VIEWED_AT) values (27,0,6,to_date('24/09/23','RR/MM/DD'));
Insert into MAINPROJECT.USER_VIEWS (VIEW_ID,USER_ID,PRODUCT_ID,VIEWED_AT) values (28,0,13,to_date('24/09/23','RR/MM/DD'));
Insert into MAINPROJECT.USER_VIEWS (VIEW_ID,USER_ID,PRODUCT_ID,VIEWED_AT) values (29,0,13,to_date('24/09/23','RR/MM/DD'));
Insert into MAINPROJECT.USER_VIEWS (VIEW_ID,USER_ID,PRODUCT_ID,VIEWED_AT) values (30,0,2,to_date('24/09/23','RR/MM/DD'));
Insert into MAINPROJECT.USER_VIEWS (VIEW_ID,USER_ID,PRODUCT_ID,VIEWED_AT) values (31,0,6,to_date('24/09/23','RR/MM/DD'));
Insert into MAINPROJECT.USER_VIEWS (VIEW_ID,USER_ID,PRODUCT_ID,VIEWED_AT) values (32,0,6,to_date('24/09/23','RR/MM/DD'));
Insert into MAINPROJECT.USER_VIEWS (VIEW_ID,USER_ID,PRODUCT_ID,VIEWED_AT) values (33,0,6,to_date('24/09/23','RR/MM/DD'));
Insert into MAINPROJECT.USER_VIEWS (VIEW_ID,USER_ID,PRODUCT_ID,VIEWED_AT) values (34,1,5,to_date('24/09/24','RR/MM/DD'));
Insert into MAINPROJECT.USER_VIEWS (VIEW_ID,USER_ID,PRODUCT_ID,VIEWED_AT) values (35,3,126,to_date('24/09/25','RR/MM/DD'));
Insert into MAINPROJECT.USER_VIEWS (VIEW_ID,USER_ID,PRODUCT_ID,VIEWED_AT) values (36,1,1,to_date('24/09/25','RR/MM/DD'));
Insert into MAINPROJECT.USER_VIEWS (VIEW_ID,USER_ID,PRODUCT_ID,VIEWED_AT) values (37,7,8,to_date('24/09/25','RR/MM/DD'));
Insert into MAINPROJECT.USER_VIEWS (VIEW_ID,USER_ID,PRODUCT_ID,VIEWED_AT) values (38,7,8,to_date('24/09/25','RR/MM/DD'));
Insert into MAINPROJECT.USER_VIEWS (VIEW_ID,USER_ID,PRODUCT_ID,VIEWED_AT) values (39,7,8,to_date('24/09/25','RR/MM/DD'));
Insert into MAINPROJECT.USER_VIEWS (VIEW_ID,USER_ID,PRODUCT_ID,VIEWED_AT) values (40,7,8,to_date('24/09/25','RR/MM/DD'));
Insert into MAINPROJECT.USER_VIEWS (VIEW_ID,USER_ID,PRODUCT_ID,VIEWED_AT) values (41,7,6,to_date('24/09/25','RR/MM/DD'));
Insert into MAINPROJECT.USER_VIEWS (VIEW_ID,USER_ID,PRODUCT_ID,VIEWED_AT) values (42,7,6,to_date('24/09/25','RR/MM/DD'));
Insert into MAINPROJECT.USER_VIEWS (VIEW_ID,USER_ID,PRODUCT_ID,VIEWED_AT) values (43,7,10,to_date('24/09/25','RR/MM/DD'));
Insert into MAINPROJECT.USER_VIEWS (VIEW_ID,USER_ID,PRODUCT_ID,VIEWED_AT) values (44,7,10,to_date('24/09/25','RR/MM/DD'));
Insert into MAINPROJECT.USER_VIEWS (VIEW_ID,USER_ID,PRODUCT_ID,VIEWED_AT) values (45,7,5,to_date('24/09/25','RR/MM/DD'));
Insert into MAINPROJECT.USER_VIEWS (VIEW_ID,USER_ID,PRODUCT_ID,VIEWED_AT) values (46,7,11,to_date('24/09/25','RR/MM/DD'));
Insert into MAINPROJECT.USER_VIEWS (VIEW_ID,USER_ID,PRODUCT_ID,VIEWED_AT) values (47,3,7,to_date('24/09/25','RR/MM/DD'));
Insert into MAINPROJECT.USER_VIEWS (VIEW_ID,USER_ID,PRODUCT_ID,VIEWED_AT) values (48,3,7,to_date('24/09/25','RR/MM/DD'));
Insert into MAINPROJECT.USER_VIEWS (VIEW_ID,USER_ID,PRODUCT_ID,VIEWED_AT) values (49,3,7,to_date('24/09/25','RR/MM/DD'));
Insert into MAINPROJECT.USER_VIEWS (VIEW_ID,USER_ID,PRODUCT_ID,VIEWED_AT) values (50,3,7,to_date('24/09/25','RR/MM/DD'));
Insert into MAINPROJECT.USER_VIEWS (VIEW_ID,USER_ID,PRODUCT_ID,VIEWED_AT) values (51,3,7,to_date('24/09/25','RR/MM/DD'));
Insert into MAINPROJECT.USER_VIEWS (VIEW_ID,USER_ID,PRODUCT_ID,VIEWED_AT) values (52,3,7,to_date('24/09/25','RR/MM/DD'));
Insert into MAINPROJECT.USER_VIEWS (VIEW_ID,USER_ID,PRODUCT_ID,VIEWED_AT) values (53,3,114,to_date('24/09/25','RR/MM/DD'));
Insert into MAINPROJECT.USER_VIEWS (VIEW_ID,USER_ID,PRODUCT_ID,VIEWED_AT) values (54,7,80,to_date('24/09/25','RR/MM/DD'));
Insert into MAINPROJECT.USER_VIEWS (VIEW_ID,USER_ID,PRODUCT_ID,VIEWED_AT) values (55,7,4,to_date('24/09/25','RR/MM/DD'));
Insert into MAINPROJECT.USER_VIEWS (VIEW_ID,USER_ID,PRODUCT_ID,VIEWED_AT) values (56,7,33,to_date('24/09/25','RR/MM/DD'));
Insert into MAINPROJECT.USER_VIEWS (VIEW_ID,USER_ID,PRODUCT_ID,VIEWED_AT) values (57,7,35,to_date('24/09/25','RR/MM/DD'));
Insert into MAINPROJECT.USER_VIEWS (VIEW_ID,USER_ID,PRODUCT_ID,VIEWED_AT) values (58,7,134,to_date('24/09/25','RR/MM/DD'));
Insert into MAINPROJECT.USER_VIEWS (VIEW_ID,USER_ID,PRODUCT_ID,VIEWED_AT) values (59,7,134,to_date('24/09/25','RR/MM/DD'));
Insert into MAINPROJECT.USER_VIEWS (VIEW_ID,USER_ID,PRODUCT_ID,VIEWED_AT) values (60,7,106,to_date('24/09/25','RR/MM/DD'));
Insert into MAINPROJECT.USER_VIEWS (VIEW_ID,USER_ID,PRODUCT_ID,VIEWED_AT) values (61,7,16,to_date('24/09/25','RR/MM/DD'));
Insert into MAINPROJECT.USER_VIEWS (VIEW_ID,USER_ID,PRODUCT_ID,VIEWED_AT) values (62,7,3,to_date('24/09/25','RR/MM/DD'));
Insert into MAINPROJECT.USER_VIEWS (VIEW_ID,USER_ID,PRODUCT_ID,VIEWED_AT) values (63,7,13,to_date('24/09/25','RR/MM/DD'));
Insert into MAINPROJECT.USER_VIEWS (VIEW_ID,USER_ID,PRODUCT_ID,VIEWED_AT) values (64,7,54,to_date('24/09/25','RR/MM/DD'));
Insert into MAINPROJECT.USER_VIEWS (VIEW_ID,USER_ID,PRODUCT_ID,VIEWED_AT) values (65,7,54,to_date('24/09/25','RR/MM/DD'));
Insert into MAINPROJECT.USER_VIEWS (VIEW_ID,USER_ID,PRODUCT_ID,VIEWED_AT) values (66,7,54,to_date('24/09/25','RR/MM/DD'));
Insert into MAINPROJECT.USER_VIEWS (VIEW_ID,USER_ID,PRODUCT_ID,VIEWED_AT) values (67,7,54,to_date('24/09/25','RR/MM/DD'));
Insert into MAINPROJECT.USER_VIEWS (VIEW_ID,USER_ID,PRODUCT_ID,VIEWED_AT) values (68,7,54,to_date('24/09/25','RR/MM/DD'));
Insert into MAINPROJECT.USER_VIEWS (VIEW_ID,USER_ID,PRODUCT_ID,VIEWED_AT) values (69,7,54,to_date('24/09/25','RR/MM/DD'));
Insert into MAINPROJECT.USER_VIEWS (VIEW_ID,USER_ID,PRODUCT_ID,VIEWED_AT) values (70,7,54,to_date('24/09/25','RR/MM/DD'));
Insert into MAINPROJECT.USER_VIEWS (VIEW_ID,USER_ID,PRODUCT_ID,VIEWED_AT) values (71,7,54,to_date('24/09/25','RR/MM/DD'));
Insert into MAINPROJECT.USER_VIEWS (VIEW_ID,USER_ID,PRODUCT_ID,VIEWED_AT) values (72,7,54,to_date('24/09/25','RR/MM/DD'));
Insert into MAINPROJECT.USER_VIEWS (VIEW_ID,USER_ID,PRODUCT_ID,VIEWED_AT) values (73,7,54,to_date('24/09/25','RR/MM/DD'));
Insert into MAINPROJECT.USER_VIEWS (VIEW_ID,USER_ID,PRODUCT_ID,VIEWED_AT) values (74,7,48,to_date('24/09/25','RR/MM/DD'));
Insert into MAINPROJECT.USER_VIEWS (VIEW_ID,USER_ID,PRODUCT_ID,VIEWED_AT) values (75,7,48,to_date('24/09/25','RR/MM/DD'));
Insert into MAINPROJECT.USER_VIEWS (VIEW_ID,USER_ID,PRODUCT_ID,VIEWED_AT) values (76,7,48,to_date('24/09/25','RR/MM/DD'));
Insert into MAINPROJECT.USER_VIEWS (VIEW_ID,USER_ID,PRODUCT_ID,VIEWED_AT) values (77,7,48,to_date('24/09/25','RR/MM/DD'));
Insert into MAINPROJECT.USER_VIEWS (VIEW_ID,USER_ID,PRODUCT_ID,VIEWED_AT) values (78,7,48,to_date('24/09/25','RR/MM/DD'));
Insert into MAINPROJECT.USER_VIEWS (VIEW_ID,USER_ID,PRODUCT_ID,VIEWED_AT) values (79,7,48,to_date('24/09/25','RR/MM/DD'));
Insert into MAINPROJECT.USER_VIEWS (VIEW_ID,USER_ID,PRODUCT_ID,VIEWED_AT) values (80,7,48,to_date('24/09/25','RR/MM/DD'));
Insert into MAINPROJECT.USER_VIEWS (VIEW_ID,USER_ID,PRODUCT_ID,VIEWED_AT) values (81,7,48,to_date('24/09/25','RR/MM/DD'));
Insert into MAINPROJECT.USER_VIEWS (VIEW_ID,USER_ID,PRODUCT_ID,VIEWED_AT) values (82,7,43,to_date('24/09/25','RR/MM/DD'));
Insert into MAINPROJECT.USER_VIEWS (VIEW_ID,USER_ID,PRODUCT_ID,VIEWED_AT) values (83,3,1,to_date('24/09/25','RR/MM/DD'));
Insert into MAINPROJECT.USER_VIEWS (VIEW_ID,USER_ID,PRODUCT_ID,VIEWED_AT) values (84,7,67,to_date('24/09/25','RR/MM/DD'));
Insert into MAINPROJECT.USER_VIEWS (VIEW_ID,USER_ID,PRODUCT_ID,VIEWED_AT) values (85,7,52,to_date('24/09/25','RR/MM/DD'));
Insert into MAINPROJECT.USER_VIEWS (VIEW_ID,USER_ID,PRODUCT_ID,VIEWED_AT) values (86,7,105,to_date('24/09/25','RR/MM/DD'));
Insert into MAINPROJECT.USER_VIEWS (VIEW_ID,USER_ID,PRODUCT_ID,VIEWED_AT) values (87,7,105,to_date('24/09/25','RR/MM/DD'));
Insert into MAINPROJECT.USER_VIEWS (VIEW_ID,USER_ID,PRODUCT_ID,VIEWED_AT) values (88,7,1,to_date('24/09/25','RR/MM/DD'));
Insert into MAINPROJECT.USER_VIEWS (VIEW_ID,USER_ID,PRODUCT_ID,VIEWED_AT) values (89,7,2,to_date('24/09/25','RR/MM/DD'));
Insert into MAINPROJECT.USER_VIEWS (VIEW_ID,USER_ID,PRODUCT_ID,VIEWED_AT) values (90,7,2,to_date('24/09/25','RR/MM/DD'));
Insert into MAINPROJECT.USER_VIEWS (VIEW_ID,USER_ID,PRODUCT_ID,VIEWED_AT) values (91,7,2,to_date('24/09/25','RR/MM/DD'));
Insert into MAINPROJECT.USER_VIEWS (VIEW_ID,USER_ID,PRODUCT_ID,VIEWED_AT) values (92,7,2,to_date('24/09/25','RR/MM/DD'));
Insert into MAINPROJECT.USER_VIEWS (VIEW_ID,USER_ID,PRODUCT_ID,VIEWED_AT) values (93,7,89,to_date('24/09/25','RR/MM/DD'));
Insert into MAINPROJECT.USER_VIEWS (VIEW_ID,USER_ID,PRODUCT_ID,VIEWED_AT) values (94,7,89,to_date('24/09/25','RR/MM/DD'));
Insert into MAINPROJECT.USER_VIEWS (VIEW_ID,USER_ID,PRODUCT_ID,VIEWED_AT) values (95,7,80,to_date('24/09/25','RR/MM/DD'));
Insert into MAINPROJECT.USER_VIEWS (VIEW_ID,USER_ID,PRODUCT_ID,VIEWED_AT) values (96,7,21,to_date('24/09/25','RR/MM/DD'));
Insert into MAINPROJECT.USER_VIEWS (VIEW_ID,USER_ID,PRODUCT_ID,VIEWED_AT) values (97,7,21,to_date('24/09/25','RR/MM/DD'));
Insert into MAINPROJECT.USER_VIEWS (VIEW_ID,USER_ID,PRODUCT_ID,VIEWED_AT) values (98,7,73,to_date('24/09/25','RR/MM/DD'));
Insert into MAINPROJECT.USER_VIEWS (VIEW_ID,USER_ID,PRODUCT_ID,VIEWED_AT) values (99,7,73,to_date('24/09/25','RR/MM/DD'));
Insert into MAINPROJECT.USER_VIEWS (VIEW_ID,USER_ID,PRODUCT_ID,VIEWED_AT) values (100,7,73,to_date('24/09/25','RR/MM/DD'));
Insert into MAINPROJECT.USER_VIEWS (VIEW_ID,USER_ID,PRODUCT_ID,VIEWED_AT) values (101,7,73,to_date('24/09/25','RR/MM/DD'));
Insert into MAINPROJECT.USER_VIEWS (VIEW_ID,USER_ID,PRODUCT_ID,VIEWED_AT) values (102,7,73,to_date('24/09/25','RR/MM/DD'));
Insert into MAINPROJECT.USER_VIEWS (VIEW_ID,USER_ID,PRODUCT_ID,VIEWED_AT) values (103,7,73,to_date('24/09/25','RR/MM/DD'));
Insert into MAINPROJECT.USER_VIEWS (VIEW_ID,USER_ID,PRODUCT_ID,VIEWED_AT) values (104,7,44,to_date('24/09/25','RR/MM/DD'));
Insert into MAINPROJECT.USER_VIEWS (VIEW_ID,USER_ID,PRODUCT_ID,VIEWED_AT) values (105,7,9,to_date('24/09/25','RR/MM/DD'));
Insert into MAINPROJECT.USER_VIEWS (VIEW_ID,USER_ID,PRODUCT_ID,VIEWED_AT) values (106,7,79,to_date('24/09/25','RR/MM/DD'));
Insert into MAINPROJECT.USER_VIEWS (VIEW_ID,USER_ID,PRODUCT_ID,VIEWED_AT) values (107,7,79,to_date('24/09/25','RR/MM/DD'));
Insert into MAINPROJECT.USER_VIEWS (VIEW_ID,USER_ID,PRODUCT_ID,VIEWED_AT) values (108,8,2,to_date('24/09/25','RR/MM/DD'));
Insert into MAINPROJECT.USER_VIEWS (VIEW_ID,USER_ID,PRODUCT_ID,VIEWED_AT) values (109,8,7,to_date('24/09/25','RR/MM/DD'));
Insert into MAINPROJECT.USER_VIEWS (VIEW_ID,USER_ID,PRODUCT_ID,VIEWED_AT) values (110,8,7,to_date('24/09/25','RR/MM/DD'));
Insert into MAINPROJECT.USER_VIEWS (VIEW_ID,USER_ID,PRODUCT_ID,VIEWED_AT) values (111,8,7,to_date('24/09/25','RR/MM/DD'));
Insert into MAINPROJECT.USER_VIEWS (VIEW_ID,USER_ID,PRODUCT_ID,VIEWED_AT) values (112,8,6,to_date('24/09/25','RR/MM/DD'));
Insert into MAINPROJECT.USER_VIEWS (VIEW_ID,USER_ID,PRODUCT_ID,VIEWED_AT) values (113,8,6,to_date('24/09/25','RR/MM/DD'));
Insert into MAINPROJECT.USER_VIEWS (VIEW_ID,USER_ID,PRODUCT_ID,VIEWED_AT) values (114,7,1,to_date('24/09/25','RR/MM/DD'));
Insert into MAINPROJECT.USER_VIEWS (VIEW_ID,USER_ID,PRODUCT_ID,VIEWED_AT) values (115,9,12,to_date('24/09/25','RR/MM/DD'));
Insert into MAINPROJECT.USER_VIEWS (VIEW_ID,USER_ID,PRODUCT_ID,VIEWED_AT) values (116,9,12,to_date('24/09/25','RR/MM/DD'));
Insert into MAINPROJECT.USER_VIEWS (VIEW_ID,USER_ID,PRODUCT_ID,VIEWED_AT) values (117,9,24,to_date('24/09/25','RR/MM/DD'));
Insert into MAINPROJECT.USER_VIEWS (VIEW_ID,USER_ID,PRODUCT_ID,VIEWED_AT) values (118,9,25,to_date('24/09/25','RR/MM/DD'));
Insert into MAINPROJECT.USER_VIEWS (VIEW_ID,USER_ID,PRODUCT_ID,VIEWED_AT) values (119,9,30,to_date('24/09/25','RR/MM/DD'));
Insert into MAINPROJECT.USER_VIEWS (VIEW_ID,USER_ID,PRODUCT_ID,VIEWED_AT) values (120,9,31,to_date('24/09/25','RR/MM/DD'));
Insert into MAINPROJECT.USER_VIEWS (VIEW_ID,USER_ID,PRODUCT_ID,VIEWED_AT) values (121,9,72,to_date('24/09/25','RR/MM/DD'));
Insert into MAINPROJECT.USER_VIEWS (VIEW_ID,USER_ID,PRODUCT_ID,VIEWED_AT) values (122,9,125,to_date('24/09/25','RR/MM/DD'));
Insert into MAINPROJECT.USER_VIEWS (VIEW_ID,USER_ID,PRODUCT_ID,VIEWED_AT) values (123,9,125,to_date('24/09/25','RR/MM/DD'));
Insert into MAINPROJECT.USER_VIEWS (VIEW_ID,USER_ID,PRODUCT_ID,VIEWED_AT) values (124,9,133,to_date('24/09/25','RR/MM/DD'));
Insert into MAINPROJECT.USER_VIEWS (VIEW_ID,USER_ID,PRODUCT_ID,VIEWED_AT) values (125,9,133,to_date('24/09/25','RR/MM/DD'));
Insert into MAINPROJECT.USER_VIEWS (VIEW_ID,USER_ID,PRODUCT_ID,VIEWED_AT) values (126,9,77,to_date('24/09/25','RR/MM/DD'));
Insert into MAINPROJECT.USER_VIEWS (VIEW_ID,USER_ID,PRODUCT_ID,VIEWED_AT) values (127,9,77,to_date('24/09/25','RR/MM/DD'));
Insert into MAINPROJECT.USER_VIEWS (VIEW_ID,USER_ID,PRODUCT_ID,VIEWED_AT) values (128,9,88,to_date('24/09/25','RR/MM/DD'));
Insert into MAINPROJECT.USER_VIEWS (VIEW_ID,USER_ID,PRODUCT_ID,VIEWED_AT) values (129,9,129,to_date('24/09/25','RR/MM/DD'));
Insert into MAINPROJECT.USER_VIEWS (VIEW_ID,USER_ID,PRODUCT_ID,VIEWED_AT) values (130,9,132,to_date('24/09/25','RR/MM/DD'));
Insert into MAINPROJECT.USER_VIEWS (VIEW_ID,USER_ID,PRODUCT_ID,VIEWED_AT) values (131,9,132,to_date('24/09/25','RR/MM/DD'));
Insert into MAINPROJECT.USER_VIEWS (VIEW_ID,USER_ID,PRODUCT_ID,VIEWED_AT) values (132,7,16,to_date('24/09/25','RR/MM/DD'));
Insert into MAINPROJECT.USER_VIEWS (VIEW_ID,USER_ID,PRODUCT_ID,VIEWED_AT) values (133,7,16,to_date('24/09/25','RR/MM/DD'));
Insert into MAINPROJECT.USER_VIEWS (VIEW_ID,USER_ID,PRODUCT_ID,VIEWED_AT) values (134,7,9,to_date('24/09/25','RR/MM/DD'));
Insert into MAINPROJECT.USER_VIEWS (VIEW_ID,USER_ID,PRODUCT_ID,VIEWED_AT) values (135,7,9,to_date('24/09/25','RR/MM/DD'));
Insert into MAINPROJECT.USER_VIEWS (VIEW_ID,USER_ID,PRODUCT_ID,VIEWED_AT) values (136,7,85,to_date('24/09/25','RR/MM/DD'));
Insert into MAINPROJECT.USER_VIEWS (VIEW_ID,USER_ID,PRODUCT_ID,VIEWED_AT) values (137,11,7,to_date('24/09/25','RR/MM/DD'));
Insert into MAINPROJECT.USER_VIEWS (VIEW_ID,USER_ID,PRODUCT_ID,VIEWED_AT) values (138,11,50,to_date('24/09/25','RR/MM/DD'));
Insert into MAINPROJECT.USER_VIEWS (VIEW_ID,USER_ID,PRODUCT_ID,VIEWED_AT) values (139,11,40,to_date('24/09/25','RR/MM/DD'));
Insert into MAINPROJECT.USER_VIEWS (VIEW_ID,USER_ID,PRODUCT_ID,VIEWED_AT) values (140,11,64,to_date('24/09/25','RR/MM/DD'));
Insert into MAINPROJECT.USER_VIEWS (VIEW_ID,USER_ID,PRODUCT_ID,VIEWED_AT) values (141,11,77,to_date('24/09/25','RR/MM/DD'));
Insert into MAINPROJECT.USER_VIEWS (VIEW_ID,USER_ID,PRODUCT_ID,VIEWED_AT) values (142,11,84,to_date('24/09/25','RR/MM/DD'));
Insert into MAINPROJECT.USER_VIEWS (VIEW_ID,USER_ID,PRODUCT_ID,VIEWED_AT) values (143,11,29,to_date('24/09/25','RR/MM/DD'));
Insert into MAINPROJECT.USER_VIEWS (VIEW_ID,USER_ID,PRODUCT_ID,VIEWED_AT) values (144,11,29,to_date('24/09/25','RR/MM/DD'));
Insert into MAINPROJECT.USER_VIEWS (VIEW_ID,USER_ID,PRODUCT_ID,VIEWED_AT) values (145,11,2,to_date('24/09/25','RR/MM/DD'));
Insert into MAINPROJECT.USER_VIEWS (VIEW_ID,USER_ID,PRODUCT_ID,VIEWED_AT) values (146,11,2,to_date('24/09/25','RR/MM/DD'));
Insert into MAINPROJECT.USER_VIEWS (VIEW_ID,USER_ID,PRODUCT_ID,VIEWED_AT) values (147,11,121,to_date('24/09/25','RR/MM/DD'));
Insert into MAINPROJECT.USER_VIEWS (VIEW_ID,USER_ID,PRODUCT_ID,VIEWED_AT) values (148,11,8,to_date('24/09/25','RR/MM/DD'));
Insert into MAINPROJECT.USER_VIEWS (VIEW_ID,USER_ID,PRODUCT_ID,VIEWED_AT) values (149,11,8,to_date('24/09/25','RR/MM/DD'));
Insert into MAINPROJECT.USER_VIEWS (VIEW_ID,USER_ID,PRODUCT_ID,VIEWED_AT) values (150,11,45,to_date('24/09/25','RR/MM/DD'));
Insert into MAINPROJECT.USER_VIEWS (VIEW_ID,USER_ID,PRODUCT_ID,VIEWED_AT) values (151,11,45,to_date('24/09/25','RR/MM/DD'));
Insert into MAINPROJECT.USER_VIEWS (VIEW_ID,USER_ID,PRODUCT_ID,VIEWED_AT) values (152,11,93,to_date('24/09/25','RR/MM/DD'));
Insert into MAINPROJECT.USER_VIEWS (VIEW_ID,USER_ID,PRODUCT_ID,VIEWED_AT) values (153,11,93,to_date('24/09/25','RR/MM/DD'));
Insert into MAINPROJECT.USER_VIEWS (VIEW_ID,USER_ID,PRODUCT_ID,VIEWED_AT) values (154,11,93,to_date('24/09/25','RR/MM/DD'));
Insert into MAINPROJECT.USER_VIEWS (VIEW_ID,USER_ID,PRODUCT_ID,VIEWED_AT) values (155,11,127,to_date('24/09/25','RR/MM/DD'));
Insert into MAINPROJECT.USER_VIEWS (VIEW_ID,USER_ID,PRODUCT_ID,VIEWED_AT) values (156,11,96,to_date('24/09/25','RR/MM/DD'));
Insert into MAINPROJECT.USER_VIEWS (VIEW_ID,USER_ID,PRODUCT_ID,VIEWED_AT) values (157,11,60,to_date('24/09/25','RR/MM/DD'));
Insert into MAINPROJECT.USER_VIEWS (VIEW_ID,USER_ID,PRODUCT_ID,VIEWED_AT) values (158,11,36,to_date('24/09/25','RR/MM/DD'));
Insert into MAINPROJECT.USER_VIEWS (VIEW_ID,USER_ID,PRODUCT_ID,VIEWED_AT) values (159,11,36,to_date('24/09/25','RR/MM/DD'));
Insert into MAINPROJECT.USER_VIEWS (VIEW_ID,USER_ID,PRODUCT_ID,VIEWED_AT) values (160,10,70,to_date('24/09/25','RR/MM/DD'));
Insert into MAINPROJECT.USER_VIEWS (VIEW_ID,USER_ID,PRODUCT_ID,VIEWED_AT) values (161,10,48,to_date('24/09/25','RR/MM/DD'));
Insert into MAINPROJECT.USER_VIEWS (VIEW_ID,USER_ID,PRODUCT_ID,VIEWED_AT) values (162,10,48,to_date('24/09/25','RR/MM/DD'));
Insert into MAINPROJECT.USER_VIEWS (VIEW_ID,USER_ID,PRODUCT_ID,VIEWED_AT) values (163,10,105,to_date('24/09/25','RR/MM/DD'));
Insert into MAINPROJECT.USER_VIEWS (VIEW_ID,USER_ID,PRODUCT_ID,VIEWED_AT) values (164,10,105,to_date('24/09/25','RR/MM/DD'));
Insert into MAINPROJECT.USER_VIEWS (VIEW_ID,USER_ID,PRODUCT_ID,VIEWED_AT) values (165,1,1,to_date('24/09/25','RR/MM/DD'));
Insert into MAINPROJECT.USER_VIEWS (VIEW_ID,USER_ID,PRODUCT_ID,VIEWED_AT) values (166,10,2,to_date('24/09/25','RR/MM/DD'));
Insert into MAINPROJECT.USER_VIEWS (VIEW_ID,USER_ID,PRODUCT_ID,VIEWED_AT) values (167,10,2,to_date('24/09/25','RR/MM/DD'));
Insert into MAINPROJECT.USER_VIEWS (VIEW_ID,USER_ID,PRODUCT_ID,VIEWED_AT) values (168,10,2,to_date('24/09/25','RR/MM/DD'));
Insert into MAINPROJECT.USER_VIEWS (VIEW_ID,USER_ID,PRODUCT_ID,VIEWED_AT) values (169,10,29,to_date('24/09/25','RR/MM/DD'));
Insert into MAINPROJECT.USER_VIEWS (VIEW_ID,USER_ID,PRODUCT_ID,VIEWED_AT) values (170,10,74,to_date('24/09/25','RR/MM/DD'));
Insert into MAINPROJECT.USER_VIEWS (VIEW_ID,USER_ID,PRODUCT_ID,VIEWED_AT) values (171,10,74,to_date('24/09/25','RR/MM/DD'));
Insert into MAINPROJECT.USER_VIEWS (VIEW_ID,USER_ID,PRODUCT_ID,VIEWED_AT) values (172,10,14,to_date('24/09/25','RR/MM/DD'));
Insert into MAINPROJECT.USER_VIEWS (VIEW_ID,USER_ID,PRODUCT_ID,VIEWED_AT) values (173,10,14,to_date('24/09/25','RR/MM/DD'));
Insert into MAINPROJECT.USER_VIEWS (VIEW_ID,USER_ID,PRODUCT_ID,VIEWED_AT) values (174,10,102,to_date('24/09/25','RR/MM/DD'));
Insert into MAINPROJECT.USER_VIEWS (VIEW_ID,USER_ID,PRODUCT_ID,VIEWED_AT) values (175,10,102,to_date('24/09/25','RR/MM/DD'));
Insert into MAINPROJECT.USER_VIEWS (VIEW_ID,USER_ID,PRODUCT_ID,VIEWED_AT) values (176,10,8,to_date('24/09/25','RR/MM/DD'));
Insert into MAINPROJECT.USER_VIEWS (VIEW_ID,USER_ID,PRODUCT_ID,VIEWED_AT) values (177,10,8,to_date('24/09/25','RR/MM/DD'));
Insert into MAINPROJECT.USER_VIEWS (VIEW_ID,USER_ID,PRODUCT_ID,VIEWED_AT) values (178,10,8,to_date('24/09/25','RR/MM/DD'));
Insert into MAINPROJECT.USER_VIEWS (VIEW_ID,USER_ID,PRODUCT_ID,VIEWED_AT) values (179,10,2,to_date('24/09/25','RR/MM/DD'));
Insert into MAINPROJECT.USER_VIEWS (VIEW_ID,USER_ID,PRODUCT_ID,VIEWED_AT) values (180,8,6,to_date('24/09/25','RR/MM/DD'));
Insert into MAINPROJECT.USER_VIEWS (VIEW_ID,USER_ID,PRODUCT_ID,VIEWED_AT) values (181,8,7,to_date('24/09/25','RR/MM/DD'));
Insert into MAINPROJECT.USER_VIEWS (VIEW_ID,USER_ID,PRODUCT_ID,VIEWED_AT) values (182,8,7,to_date('24/09/25','RR/MM/DD'));
Insert into MAINPROJECT.USER_VIEWS (VIEW_ID,USER_ID,PRODUCT_ID,VIEWED_AT) values (183,8,40,to_date('24/09/25','RR/MM/DD'));
Insert into MAINPROJECT.USER_VIEWS (VIEW_ID,USER_ID,PRODUCT_ID,VIEWED_AT) values (184,8,40,to_date('24/09/25','RR/MM/DD'));
Insert into MAINPROJECT.USER_VIEWS (VIEW_ID,USER_ID,PRODUCT_ID,VIEWED_AT) values (185,8,1,to_date('24/09/25','RR/MM/DD'));
Insert into MAINPROJECT.USER_VIEWS (VIEW_ID,USER_ID,PRODUCT_ID,VIEWED_AT) values (186,8,1,to_date('24/09/25','RR/MM/DD'));
Insert into MAINPROJECT.USER_VIEWS (VIEW_ID,USER_ID,PRODUCT_ID,VIEWED_AT) values (187,8,81,to_date('24/09/25','RR/MM/DD'));
Insert into MAINPROJECT.USER_VIEWS (VIEW_ID,USER_ID,PRODUCT_ID,VIEWED_AT) values (188,8,81,to_date('24/09/25','RR/MM/DD'));
Insert into MAINPROJECT.USER_VIEWS (VIEW_ID,USER_ID,PRODUCT_ID,VIEWED_AT) values (189,8,113,to_date('24/09/25','RR/MM/DD'));
Insert into MAINPROJECT.USER_VIEWS (VIEW_ID,USER_ID,PRODUCT_ID,VIEWED_AT) values (190,8,113,to_date('24/09/25','RR/MM/DD'));
Insert into MAINPROJECT.USER_VIEWS (VIEW_ID,USER_ID,PRODUCT_ID,VIEWED_AT) values (191,13,2,to_date('24/09/30','RR/MM/DD'));
Insert into MAINPROJECT.USER_VIEWS (VIEW_ID,USER_ID,PRODUCT_ID,VIEWED_AT) values (192,13,1,to_date('24/09/30','RR/MM/DD'));
Insert into MAINPROJECT.USER_VIEWS (VIEW_ID,USER_ID,PRODUCT_ID,VIEWED_AT) values (193,13,1,to_date('24/09/30','RR/MM/DD'));
Insert into MAINPROJECT.USER_VIEWS (VIEW_ID,USER_ID,PRODUCT_ID,VIEWED_AT) values (194,13,1,to_date('24/09/30','RR/MM/DD'));
Insert into MAINPROJECT.USER_VIEWS (VIEW_ID,USER_ID,PRODUCT_ID,VIEWED_AT) values (195,13,8,to_date('24/09/30','RR/MM/DD'));
Insert into MAINPROJECT.USER_VIEWS (VIEW_ID,USER_ID,PRODUCT_ID,VIEWED_AT) values (196,13,14,to_date('24/09/30','RR/MM/DD'));
Insert into MAINPROJECT.USER_VIEWS (VIEW_ID,USER_ID,PRODUCT_ID,VIEWED_AT) values (197,13,13,to_date('24/09/30','RR/MM/DD'));
Insert into MAINPROJECT.USER_VIEWS (VIEW_ID,USER_ID,PRODUCT_ID,VIEWED_AT) values (198,13,22,to_date('24/09/30','RR/MM/DD'));
Insert into MAINPROJECT.USER_VIEWS (VIEW_ID,USER_ID,PRODUCT_ID,VIEWED_AT) values (199,13,22,to_date('24/09/30','RR/MM/DD'));
Insert into MAINPROJECT.USER_VIEWS (VIEW_ID,USER_ID,PRODUCT_ID,VIEWED_AT) values (200,14,2,to_date('24/09/30','RR/MM/DD'));
Insert into MAINPROJECT.USER_VIEWS (VIEW_ID,USER_ID,PRODUCT_ID,VIEWED_AT) values (201,14,2,to_date('24/09/30','RR/MM/DD'));
Insert into MAINPROJECT.USER_VIEWS (VIEW_ID,USER_ID,PRODUCT_ID,VIEWED_AT) values (202,14,84,to_date('24/09/30','RR/MM/DD'));
Insert into MAINPROJECT.USER_VIEWS (VIEW_ID,USER_ID,PRODUCT_ID,VIEWED_AT) values (203,14,84,to_date('24/09/30','RR/MM/DD'));
Insert into MAINPROJECT.USER_VIEWS (VIEW_ID,USER_ID,PRODUCT_ID,VIEWED_AT) values (204,14,74,to_date('24/09/30','RR/MM/DD'));
Insert into MAINPROJECT.USER_VIEWS (VIEW_ID,USER_ID,PRODUCT_ID,VIEWED_AT) values (205,14,74,to_date('24/09/30','RR/MM/DD'));
Insert into MAINPROJECT.USER_VIEWS (VIEW_ID,USER_ID,PRODUCT_ID,VIEWED_AT) values (206,15,57,to_date('24/09/30','RR/MM/DD'));
Insert into MAINPROJECT.USER_VIEWS (VIEW_ID,USER_ID,PRODUCT_ID,VIEWED_AT) values (207,15,57,to_date('24/09/30','RR/MM/DD'));
Insert into MAINPROJECT.USER_VIEWS (VIEW_ID,USER_ID,PRODUCT_ID,VIEWED_AT) values (208,15,95,to_date('24/09/30','RR/MM/DD'));
Insert into MAINPROJECT.USER_VIEWS (VIEW_ID,USER_ID,PRODUCT_ID,VIEWED_AT) values (209,15,95,to_date('24/09/30','RR/MM/DD'));
Insert into MAINPROJECT.USER_VIEWS (VIEW_ID,USER_ID,PRODUCT_ID,VIEWED_AT) values (210,15,12,to_date('24/09/30','RR/MM/DD'));
Insert into MAINPROJECT.USER_VIEWS (VIEW_ID,USER_ID,PRODUCT_ID,VIEWED_AT) values (211,15,25,to_date('24/09/30','RR/MM/DD'));
Insert into MAINPROJECT.USER_VIEWS (VIEW_ID,USER_ID,PRODUCT_ID,VIEWED_AT) values (212,15,37,to_date('24/09/30','RR/MM/DD'));
Insert into MAINPROJECT.USER_VIEWS (VIEW_ID,USER_ID,PRODUCT_ID,VIEWED_AT) values (213,15,49,to_date('24/09/30','RR/MM/DD'));
Insert into MAINPROJECT.USER_VIEWS (VIEW_ID,USER_ID,PRODUCT_ID,VIEWED_AT) values (214,15,82,to_date('24/09/30','RR/MM/DD'));
Insert into MAINPROJECT.USER_VIEWS (VIEW_ID,USER_ID,PRODUCT_ID,VIEWED_AT) values (215,15,112,to_date('24/09/30','RR/MM/DD'));
Insert into MAINPROJECT.USER_VIEWS (VIEW_ID,USER_ID,PRODUCT_ID,VIEWED_AT) values (216,15,112,to_date('24/09/30','RR/MM/DD'));
Insert into MAINPROJECT.USER_VIEWS (VIEW_ID,USER_ID,PRODUCT_ID,VIEWED_AT) values (217,16,11,to_date('24/09/30','RR/MM/DD'));
Insert into MAINPROJECT.USER_VIEWS (VIEW_ID,USER_ID,PRODUCT_ID,VIEWED_AT) values (218,16,11,to_date('24/09/30','RR/MM/DD'));
Insert into MAINPROJECT.USER_VIEWS (VIEW_ID,USER_ID,PRODUCT_ID,VIEWED_AT) values (219,16,11,to_date('24/09/30','RR/MM/DD'));
Insert into MAINPROJECT.USER_VIEWS (VIEW_ID,USER_ID,PRODUCT_ID,VIEWED_AT) values (220,16,11,to_date('24/09/30','RR/MM/DD'));
Insert into MAINPROJECT.USER_VIEWS (VIEW_ID,USER_ID,PRODUCT_ID,VIEWED_AT) values (221,16,11,to_date('24/09/30','RR/MM/DD'));
Insert into MAINPROJECT.USER_VIEWS (VIEW_ID,USER_ID,PRODUCT_ID,VIEWED_AT) values (222,17,36,to_date('24/09/30','RR/MM/DD'));
Insert into MAINPROJECT.USER_VIEWS (VIEW_ID,USER_ID,PRODUCT_ID,VIEWED_AT) values (223,17,111,to_date('24/09/30','RR/MM/DD'));
Insert into MAINPROJECT.USER_VIEWS (VIEW_ID,USER_ID,PRODUCT_ID,VIEWED_AT) values (224,17,46,to_date('24/09/30','RR/MM/DD'));
Insert into MAINPROJECT.USER_VIEWS (VIEW_ID,USER_ID,PRODUCT_ID,VIEWED_AT) values (225,17,93,to_date('24/09/30','RR/MM/DD'));
Insert into MAINPROJECT.USER_VIEWS (VIEW_ID,USER_ID,PRODUCT_ID,VIEWED_AT) values (226,17,51,to_date('24/09/30','RR/MM/DD'));
Insert into MAINPROJECT.USER_VIEWS (VIEW_ID,USER_ID,PRODUCT_ID,VIEWED_AT) values (227,17,76,to_date('24/09/30','RR/MM/DD'));
Insert into MAINPROJECT.USER_VIEWS (VIEW_ID,USER_ID,PRODUCT_ID,VIEWED_AT) values (228,17,76,to_date('24/09/30','RR/MM/DD'));
Insert into MAINPROJECT.USER_VIEWS (VIEW_ID,USER_ID,PRODUCT_ID,VIEWED_AT) values (229,17,93,to_date('24/09/30','RR/MM/DD'));
Insert into MAINPROJECT.USER_VIEWS (VIEW_ID,USER_ID,PRODUCT_ID,VIEWED_AT) values (230,17,76,to_date('24/09/30','RR/MM/DD'));
Insert into MAINPROJECT.USER_VIEWS (VIEW_ID,USER_ID,PRODUCT_ID,VIEWED_AT) values (231,17,93,to_date('24/09/30','RR/MM/DD'));
Insert into MAINPROJECT.USER_VIEWS (VIEW_ID,USER_ID,PRODUCT_ID,VIEWED_AT) values (232,17,76,to_date('24/09/30','RR/MM/DD'));
Insert into MAINPROJECT.USER_VIEWS (VIEW_ID,USER_ID,PRODUCT_ID,VIEWED_AT) values (233,17,93,to_date('24/09/30','RR/MM/DD'));
Insert into MAINPROJECT.USER_VIEWS (VIEW_ID,USER_ID,PRODUCT_ID,VIEWED_AT) values (234,17,76,to_date('24/09/30','RR/MM/DD'));
Insert into MAINPROJECT.USER_VIEWS (VIEW_ID,USER_ID,PRODUCT_ID,VIEWED_AT) values (235,17,27,to_date('24/09/30','RR/MM/DD'));
Insert into MAINPROJECT.USER_VIEWS (VIEW_ID,USER_ID,PRODUCT_ID,VIEWED_AT) values (236,17,25,to_date('24/09/30','RR/MM/DD'));
Insert into MAINPROJECT.USER_VIEWS (VIEW_ID,USER_ID,PRODUCT_ID,VIEWED_AT) values (237,17,2,to_date('24/09/30','RR/MM/DD'));
Insert into MAINPROJECT.USER_VIEWS (VIEW_ID,USER_ID,PRODUCT_ID,VIEWED_AT) values (238,18,2,to_date('24/09/30','RR/MM/DD'));
Insert into MAINPROJECT.USER_VIEWS (VIEW_ID,USER_ID,PRODUCT_ID,VIEWED_AT) values (239,18,2,to_date('24/09/30','RR/MM/DD'));
Insert into MAINPROJECT.USER_VIEWS (VIEW_ID,USER_ID,PRODUCT_ID,VIEWED_AT) values (240,18,55,to_date('24/09/30','RR/MM/DD'));
Insert into MAINPROJECT.USER_VIEWS (VIEW_ID,USER_ID,PRODUCT_ID,VIEWED_AT) values (241,18,55,to_date('24/09/30','RR/MM/DD'));
Insert into MAINPROJECT.USER_VIEWS (VIEW_ID,USER_ID,PRODUCT_ID,VIEWED_AT) values (242,20,48,to_date('24/09/30','RR/MM/DD'));
Insert into MAINPROJECT.USER_VIEWS (VIEW_ID,USER_ID,PRODUCT_ID,VIEWED_AT) values (243,20,50,to_date('24/09/30','RR/MM/DD'));
Insert into MAINPROJECT.USER_VIEWS (VIEW_ID,USER_ID,PRODUCT_ID,VIEWED_AT) values (244,20,2,to_date('24/09/30','RR/MM/DD'));
Insert into MAINPROJECT.USER_VIEWS (VIEW_ID,USER_ID,PRODUCT_ID,VIEWED_AT) values (245,20,64,to_date('24/09/30','RR/MM/DD'));
Insert into MAINPROJECT.USER_VIEWS (VIEW_ID,USER_ID,PRODUCT_ID,VIEWED_AT) values (246,20,88,to_date('24/09/30','RR/MM/DD'));
Insert into MAINPROJECT.USER_VIEWS (VIEW_ID,USER_ID,PRODUCT_ID,VIEWED_AT) values (247,20,77,to_date('24/09/30','RR/MM/DD'));
Insert into MAINPROJECT.USER_VIEWS (VIEW_ID,USER_ID,PRODUCT_ID,VIEWED_AT) values (248,20,121,to_date('24/09/30','RR/MM/DD'));
Insert into MAINPROJECT.USER_VIEWS (VIEW_ID,USER_ID,PRODUCT_ID,VIEWED_AT) values (249,20,7,to_date('24/09/30','RR/MM/DD'));
Insert into MAINPROJECT.USER_VIEWS (VIEW_ID,USER_ID,PRODUCT_ID,VIEWED_AT) values (250,20,50,to_date('24/09/30','RR/MM/DD'));
Insert into MAINPROJECT.USER_VIEWS (VIEW_ID,USER_ID,PRODUCT_ID,VIEWED_AT) values (251,20,64,to_date('24/09/30','RR/MM/DD'));
Insert into MAINPROJECT.USER_VIEWS (VIEW_ID,USER_ID,PRODUCT_ID,VIEWED_AT) values (252,20,40,to_date('24/09/30','RR/MM/DD'));
Insert into MAINPROJECT.USER_VIEWS (VIEW_ID,USER_ID,PRODUCT_ID,VIEWED_AT) values (253,21,1,to_date('24/09/30','RR/MM/DD'));
Insert into MAINPROJECT.USER_VIEWS (VIEW_ID,USER_ID,PRODUCT_ID,VIEWED_AT) values (254,21,23,to_date('24/09/30','RR/MM/DD'));
Insert into MAINPROJECT.USER_VIEWS (VIEW_ID,USER_ID,PRODUCT_ID,VIEWED_AT) values (255,21,52,to_date('24/09/30','RR/MM/DD'));
Insert into MAINPROJECT.USER_VIEWS (VIEW_ID,USER_ID,PRODUCT_ID,VIEWED_AT) values (256,21,59,to_date('24/09/30','RR/MM/DD'));
Insert into MAINPROJECT.USER_VIEWS (VIEW_ID,USER_ID,PRODUCT_ID,VIEWED_AT) values (257,21,59,to_date('24/09/30','RR/MM/DD'));
Insert into MAINPROJECT.USER_VIEWS (VIEW_ID,USER_ID,PRODUCT_ID,VIEWED_AT) values (258,21,58,to_date('24/09/30','RR/MM/DD'));
Insert into MAINPROJECT.USER_VIEWS (VIEW_ID,USER_ID,PRODUCT_ID,VIEWED_AT) values (259,21,105,to_date('24/09/30','RR/MM/DD'));
Insert into MAINPROJECT.USER_VIEWS (VIEW_ID,USER_ID,PRODUCT_ID,VIEWED_AT) values (260,21,103,to_date('24/09/30','RR/MM/DD'));
Insert into MAINPROJECT.USER_VIEWS (VIEW_ID,USER_ID,PRODUCT_ID,VIEWED_AT) values (261,21,134,to_date('24/09/30','RR/MM/DD'));
Insert into MAINPROJECT.USER_VIEWS (VIEW_ID,USER_ID,PRODUCT_ID,VIEWED_AT) values (262,22,16,to_date('24/09/30','RR/MM/DD'));
Insert into MAINPROJECT.USER_VIEWS (VIEW_ID,USER_ID,PRODUCT_ID,VIEWED_AT) values (263,22,24,to_date('24/09/30','RR/MM/DD'));
Insert into MAINPROJECT.USER_VIEWS (VIEW_ID,USER_ID,PRODUCT_ID,VIEWED_AT) values (264,22,27,to_date('24/09/30','RR/MM/DD'));
Insert into MAINPROJECT.USER_VIEWS (VIEW_ID,USER_ID,PRODUCT_ID,VIEWED_AT) values (265,22,124,to_date('24/09/30','RR/MM/DD'));
Insert into MAINPROJECT.USER_VIEWS (VIEW_ID,USER_ID,PRODUCT_ID,VIEWED_AT) values (266,22,37,to_date('24/09/30','RR/MM/DD'));
Insert into MAINPROJECT.USER_VIEWS (VIEW_ID,USER_ID,PRODUCT_ID,VIEWED_AT) values (267,22,27,to_date('24/09/30','RR/MM/DD'));
Insert into MAINPROJECT.USER_VIEWS (VIEW_ID,USER_ID,PRODUCT_ID,VIEWED_AT) values (268,22,19,to_date('24/09/30','RR/MM/DD'));
Insert into MAINPROJECT.USER_VIEWS (VIEW_ID,USER_ID,PRODUCT_ID,VIEWED_AT) values (269,22,133,to_date('24/09/30','RR/MM/DD'));
Insert into MAINPROJECT.USER_VIEWS (VIEW_ID,USER_ID,PRODUCT_ID,VIEWED_AT) values (270,22,22,to_date('24/09/30','RR/MM/DD'));
Insert into MAINPROJECT.USER_VIEWS (VIEW_ID,USER_ID,PRODUCT_ID,VIEWED_AT) values (271,22,30,to_date('24/09/30','RR/MM/DD'));
Insert into MAINPROJECT.USER_VIEWS (VIEW_ID,USER_ID,PRODUCT_ID,VIEWED_AT) values (272,22,31,to_date('24/09/30','RR/MM/DD'));
Insert into MAINPROJECT.USER_VIEWS (VIEW_ID,USER_ID,PRODUCT_ID,VIEWED_AT) values (273,22,22,to_date('24/09/30','RR/MM/DD'));
Insert into MAINPROJECT.USER_VIEWS (VIEW_ID,USER_ID,PRODUCT_ID,VIEWED_AT) values (274,22,30,to_date('24/09/30','RR/MM/DD'));
Insert into MAINPROJECT.USER_VIEWS (VIEW_ID,USER_ID,PRODUCT_ID,VIEWED_AT) values (275,22,124,to_date('24/09/30','RR/MM/DD'));
Insert into MAINPROJECT.USER_VIEWS (VIEW_ID,USER_ID,PRODUCT_ID,VIEWED_AT) values (276,22,124,to_date('24/09/30','RR/MM/DD'));
Insert into MAINPROJECT.USER_VIEWS (VIEW_ID,USER_ID,PRODUCT_ID,VIEWED_AT) values (277,22,2,to_date('24/09/30','RR/MM/DD'));
Insert into MAINPROJECT.USER_VIEWS (VIEW_ID,USER_ID,PRODUCT_ID,VIEWED_AT) values (278,22,15,to_date('24/09/30','RR/MM/DD'));
Insert into MAINPROJECT.USER_VIEWS (VIEW_ID,USER_ID,PRODUCT_ID,VIEWED_AT) values (279,22,14,to_date('24/09/30','RR/MM/DD'));
Insert into MAINPROJECT.USER_VIEWS (VIEW_ID,USER_ID,PRODUCT_ID,VIEWED_AT) values (280,22,120,to_date('24/09/30','RR/MM/DD'));
Insert into MAINPROJECT.USER_VIEWS (VIEW_ID,USER_ID,PRODUCT_ID,VIEWED_AT) values (281,22,86,to_date('24/09/30','RR/MM/DD'));
Insert into MAINPROJECT.USER_VIEWS (VIEW_ID,USER_ID,PRODUCT_ID,VIEWED_AT) values (282,22,83,to_date('24/09/30','RR/MM/DD'));
Insert into MAINPROJECT.USER_VIEWS (VIEW_ID,USER_ID,PRODUCT_ID,VIEWED_AT) values (283,22,130,to_date('24/09/30','RR/MM/DD'));
Insert into MAINPROJECT.USER_VIEWS (VIEW_ID,USER_ID,PRODUCT_ID,VIEWED_AT) values (284,22,15,to_date('24/09/30','RR/MM/DD'));
Insert into MAINPROJECT.USER_VIEWS (VIEW_ID,USER_ID,PRODUCT_ID,VIEWED_AT) values (285,22,75,to_date('24/09/30','RR/MM/DD'));
Insert into MAINPROJECT.USER_VIEWS (VIEW_ID,USER_ID,PRODUCT_ID,VIEWED_AT) values (286,22,75,to_date('24/09/30','RR/MM/DD'));
Insert into MAINPROJECT.USER_VIEWS (VIEW_ID,USER_ID,PRODUCT_ID,VIEWED_AT) values (287,23,4,to_date('24/09/30','RR/MM/DD'));
Insert into MAINPROJECT.USER_VIEWS (VIEW_ID,USER_ID,PRODUCT_ID,VIEWED_AT) values (288,23,6,to_date('24/09/30','RR/MM/DD'));
Insert into MAINPROJECT.USER_VIEWS (VIEW_ID,USER_ID,PRODUCT_ID,VIEWED_AT) values (289,23,6,to_date('24/09/30','RR/MM/DD'));
Insert into MAINPROJECT.USER_VIEWS (VIEW_ID,USER_ID,PRODUCT_ID,VIEWED_AT) values (290,23,92,to_date('24/09/30','RR/MM/DD'));
Insert into MAINPROJECT.USER_VIEWS (VIEW_ID,USER_ID,PRODUCT_ID,VIEWED_AT) values (291,23,6,to_date('24/09/30','RR/MM/DD'));
Insert into MAINPROJECT.USER_VIEWS (VIEW_ID,USER_ID,PRODUCT_ID,VIEWED_AT) values (292,23,78,to_date('24/09/30','RR/MM/DD'));
Insert into MAINPROJECT.USER_VIEWS (VIEW_ID,USER_ID,PRODUCT_ID,VIEWED_AT) values (293,23,73,to_date('24/09/30','RR/MM/DD'));
Insert into MAINPROJECT.USER_VIEWS (VIEW_ID,USER_ID,PRODUCT_ID,VIEWED_AT) values (294,23,21,to_date('24/09/30','RR/MM/DD'));
Insert into MAINPROJECT.USER_VIEWS (VIEW_ID,USER_ID,PRODUCT_ID,VIEWED_AT) values (295,23,73,to_date('24/09/30','RR/MM/DD'));
Insert into MAINPROJECT.USER_VIEWS (VIEW_ID,USER_ID,PRODUCT_ID,VIEWED_AT) values (296,23,73,to_date('24/09/30','RR/MM/DD'));
Insert into MAINPROJECT.USER_VIEWS (VIEW_ID,USER_ID,PRODUCT_ID,VIEWED_AT) values (297,23,78,to_date('24/09/30','RR/MM/DD'));
Insert into MAINPROJECT.USER_VIEWS (VIEW_ID,USER_ID,PRODUCT_ID,VIEWED_AT) values (298,23,52,to_date('24/09/30','RR/MM/DD'));
Insert into MAINPROJECT.USER_VIEWS (VIEW_ID,USER_ID,PRODUCT_ID,VIEWED_AT) values (299,23,52,to_date('24/09/30','RR/MM/DD'));
Insert into MAINPROJECT.USER_VIEWS (VIEW_ID,USER_ID,PRODUCT_ID,VIEWED_AT) values (300,23,52,to_date('24/09/30','RR/MM/DD'));
Insert into MAINPROJECT.USER_VIEWS (VIEW_ID,USER_ID,PRODUCT_ID,VIEWED_AT) values (301,24,9,to_date('24/09/30','RR/MM/DD'));
Insert into MAINPROJECT.USER_VIEWS (VIEW_ID,USER_ID,PRODUCT_ID,VIEWED_AT) values (302,24,10,to_date('24/09/30','RR/MM/DD'));
Insert into MAINPROJECT.USER_VIEWS (VIEW_ID,USER_ID,PRODUCT_ID,VIEWED_AT) values (303,24,96,to_date('24/09/30','RR/MM/DD'));
Insert into MAINPROJECT.USER_VIEWS (VIEW_ID,USER_ID,PRODUCT_ID,VIEWED_AT) values (304,24,45,to_date('24/09/30','RR/MM/DD'));
Insert into MAINPROJECT.USER_VIEWS (VIEW_ID,USER_ID,PRODUCT_ID,VIEWED_AT) values (305,24,127,to_date('24/09/30','RR/MM/DD'));
Insert into MAINPROJECT.USER_VIEWS (VIEW_ID,USER_ID,PRODUCT_ID,VIEWED_AT) values (306,24,87,to_date('24/09/30','RR/MM/DD'));
Insert into MAINPROJECT.USER_VIEWS (VIEW_ID,USER_ID,PRODUCT_ID,VIEWED_AT) values (307,24,28,to_date('24/09/30','RR/MM/DD'));
Insert into MAINPROJECT.USER_VIEWS (VIEW_ID,USER_ID,PRODUCT_ID,VIEWED_AT) values (308,24,3,to_date('24/09/30','RR/MM/DD'));
Insert into MAINPROJECT.USER_VIEWS (VIEW_ID,USER_ID,PRODUCT_ID,VIEWED_AT) values (309,24,46,to_date('24/09/30','RR/MM/DD'));
Insert into MAINPROJECT.USER_VIEWS (VIEW_ID,USER_ID,PRODUCT_ID,VIEWED_AT) values (310,25,27,to_date('24/09/30','RR/MM/DD'));
Insert into MAINPROJECT.USER_VIEWS (VIEW_ID,USER_ID,PRODUCT_ID,VIEWED_AT) values (311,25,19,to_date('24/09/30','RR/MM/DD'));
Insert into MAINPROJECT.USER_VIEWS (VIEW_ID,USER_ID,PRODUCT_ID,VIEWED_AT) values (312,25,38,to_date('24/09/30','RR/MM/DD'));
Insert into MAINPROJECT.USER_VIEWS (VIEW_ID,USER_ID,PRODUCT_ID,VIEWED_AT) values (313,25,133,to_date('24/09/30','RR/MM/DD'));
Insert into MAINPROJECT.USER_VIEWS (VIEW_ID,USER_ID,PRODUCT_ID,VIEWED_AT) values (314,25,16,to_date('24/09/30','RR/MM/DD'));
Insert into MAINPROJECT.USER_VIEWS (VIEW_ID,USER_ID,PRODUCT_ID,VIEWED_AT) values (315,25,34,to_date('24/09/30','RR/MM/DD'));
Insert into MAINPROJECT.USER_VIEWS (VIEW_ID,USER_ID,PRODUCT_ID,VIEWED_AT) values (316,25,34,to_date('24/09/30','RR/MM/DD'));
Insert into MAINPROJECT.USER_VIEWS (VIEW_ID,USER_ID,PRODUCT_ID,VIEWED_AT) values (317,25,109,to_date('24/09/30','RR/MM/DD'));
Insert into MAINPROJECT.USER_VIEWS (VIEW_ID,USER_ID,PRODUCT_ID,VIEWED_AT) values (318,25,109,to_date('24/09/30','RR/MM/DD'));
Insert into MAINPROJECT.USER_VIEWS (VIEW_ID,USER_ID,PRODUCT_ID,VIEWED_AT) values (319,25,10,to_date('24/09/30','RR/MM/DD'));
Insert into MAINPROJECT.USER_VIEWS (VIEW_ID,USER_ID,PRODUCT_ID,VIEWED_AT) values (320,25,114,to_date('24/09/30','RR/MM/DD'));
Insert into MAINPROJECT.USER_VIEWS (VIEW_ID,USER_ID,PRODUCT_ID,VIEWED_AT) values (321,25,114,to_date('24/09/30','RR/MM/DD'));
Insert into MAINPROJECT.USER_VIEWS (VIEW_ID,USER_ID,PRODUCT_ID,VIEWED_AT) values (322,65,36,to_date('24/10/02','RR/MM/DD'));
Insert into MAINPROJECT.USER_VIEWS (VIEW_ID,USER_ID,PRODUCT_ID,VIEWED_AT) values (323,65,44,to_date('24/10/02','RR/MM/DD'));
Insert into MAINPROJECT.USER_VIEWS (VIEW_ID,USER_ID,PRODUCT_ID,VIEWED_AT) values (324,65,44,to_date('24/10/02','RR/MM/DD'));
Insert into MAINPROJECT.USER_VIEWS (VIEW_ID,USER_ID,PRODUCT_ID,VIEWED_AT) values (325,65,44,to_date('24/10/02','RR/MM/DD'));
Insert into MAINPROJECT.USER_VIEWS (VIEW_ID,USER_ID,PRODUCT_ID,VIEWED_AT) values (326,65,44,to_date('24/10/02','RR/MM/DD'));
Insert into MAINPROJECT.USER_VIEWS (VIEW_ID,USER_ID,PRODUCT_ID,VIEWED_AT) values (327,65,44,to_date('24/10/02','RR/MM/DD'));
Insert into MAINPROJECT.USER_VIEWS (VIEW_ID,USER_ID,PRODUCT_ID,VIEWED_AT) values (328,65,75,to_date('24/10/02','RR/MM/DD'));
Insert into MAINPROJECT.USER_VIEWS (VIEW_ID,USER_ID,PRODUCT_ID,VIEWED_AT) values (329,65,75,to_date('24/10/02','RR/MM/DD'));
Insert into MAINPROJECT.USER_VIEWS (VIEW_ID,USER_ID,PRODUCT_ID,VIEWED_AT) values (330,65,10,to_date('24/10/02','RR/MM/DD'));
Insert into MAINPROJECT.USER_VIEWS (VIEW_ID,USER_ID,PRODUCT_ID,VIEWED_AT) values (331,26,41,to_date('24/10/02','RR/MM/DD'));
Insert into MAINPROJECT.USER_VIEWS (VIEW_ID,USER_ID,PRODUCT_ID,VIEWED_AT) values (332,26,68,to_date('24/10/02','RR/MM/DD'));
Insert into MAINPROJECT.USER_VIEWS (VIEW_ID,USER_ID,PRODUCT_ID,VIEWED_AT) values (333,26,68,to_date('24/10/02','RR/MM/DD'));
Insert into MAINPROJECT.USER_VIEWS (VIEW_ID,USER_ID,PRODUCT_ID,VIEWED_AT) values (334,26,53,to_date('24/10/02','RR/MM/DD'));
Insert into MAINPROJECT.USER_VIEWS (VIEW_ID,USER_ID,PRODUCT_ID,VIEWED_AT) values (335,26,104,to_date('24/10/02','RR/MM/DD'));
Insert into MAINPROJECT.USER_VIEWS (VIEW_ID,USER_ID,PRODUCT_ID,VIEWED_AT) values (336,26,104,to_date('24/10/02','RR/MM/DD'));
Insert into MAINPROJECT.USER_VIEWS (VIEW_ID,USER_ID,PRODUCT_ID,VIEWED_AT) values (337,27,54,to_date('24/10/02','RR/MM/DD'));
Insert into MAINPROJECT.USER_VIEWS (VIEW_ID,USER_ID,PRODUCT_ID,VIEWED_AT) values (338,27,21,to_date('24/10/02','RR/MM/DD'));
Insert into MAINPROJECT.USER_VIEWS (VIEW_ID,USER_ID,PRODUCT_ID,VIEWED_AT) values (339,27,44,to_date('24/10/02','RR/MM/DD'));
Insert into MAINPROJECT.USER_VIEWS (VIEW_ID,USER_ID,PRODUCT_ID,VIEWED_AT) values (340,28,83,to_date('24/10/02','RR/MM/DD'));
Insert into MAINPROJECT.USER_VIEWS (VIEW_ID,USER_ID,PRODUCT_ID,VIEWED_AT) values (341,28,83,to_date('24/10/02','RR/MM/DD'));
Insert into MAINPROJECT.USER_VIEWS (VIEW_ID,USER_ID,PRODUCT_ID,VIEWED_AT) values (342,28,32,to_date('24/10/02','RR/MM/DD'));
Insert into MAINPROJECT.USER_VIEWS (VIEW_ID,USER_ID,PRODUCT_ID,VIEWED_AT) values (343,28,28,to_date('24/10/02','RR/MM/DD'));
Insert into MAINPROJECT.USER_VIEWS (VIEW_ID,USER_ID,PRODUCT_ID,VIEWED_AT) values (344,28,79,to_date('24/10/02','RR/MM/DD'));
Insert into MAINPROJECT.USER_VIEWS (VIEW_ID,USER_ID,PRODUCT_ID,VIEWED_AT) values (345,28,36,to_date('24/10/02','RR/MM/DD'));
Insert into MAINPROJECT.USER_VIEWS (VIEW_ID,USER_ID,PRODUCT_ID,VIEWED_AT) values (346,28,127,to_date('24/10/02','RR/MM/DD'));
Insert into MAINPROJECT.USER_VIEWS (VIEW_ID,USER_ID,PRODUCT_ID,VIEWED_AT) values (347,28,46,to_date('24/10/02','RR/MM/DD'));
Insert into MAINPROJECT.USER_VIEWS (VIEW_ID,USER_ID,PRODUCT_ID,VIEWED_AT) values (348,28,46,to_date('24/10/02','RR/MM/DD'));
Insert into MAINPROJECT.USER_VIEWS (VIEW_ID,USER_ID,PRODUCT_ID,VIEWED_AT) values (349,29,2,to_date('24/10/02','RR/MM/DD'));
Insert into MAINPROJECT.USER_VIEWS (VIEW_ID,USER_ID,PRODUCT_ID,VIEWED_AT) values (350,29,77,to_date('24/10/02','RR/MM/DD'));
Insert into MAINPROJECT.USER_VIEWS (VIEW_ID,USER_ID,PRODUCT_ID,VIEWED_AT) values (351,29,89,to_date('24/10/02','RR/MM/DD'));
Insert into MAINPROJECT.USER_VIEWS (VIEW_ID,USER_ID,PRODUCT_ID,VIEWED_AT) values (352,29,95,to_date('24/10/02','RR/MM/DD'));
Insert into MAINPROJECT.USER_VIEWS (VIEW_ID,USER_ID,PRODUCT_ID,VIEWED_AT) values (353,29,132,to_date('24/10/02','RR/MM/DD'));
Insert into MAINPROJECT.USER_VIEWS (VIEW_ID,USER_ID,PRODUCT_ID,VIEWED_AT) values (354,29,77,to_date('24/10/02','RR/MM/DD'));
Insert into MAINPROJECT.USER_VIEWS (VIEW_ID,USER_ID,PRODUCT_ID,VIEWED_AT) values (355,29,55,to_date('24/10/02','RR/MM/DD'));
Insert into MAINPROJECT.USER_VIEWS (VIEW_ID,USER_ID,PRODUCT_ID,VIEWED_AT) values (356,30,13,to_date('24/10/02','RR/MM/DD'));
Insert into MAINPROJECT.USER_VIEWS (VIEW_ID,USER_ID,PRODUCT_ID,VIEWED_AT) values (357,30,6,to_date('24/10/02','RR/MM/DD'));
Insert into MAINPROJECT.USER_VIEWS (VIEW_ID,USER_ID,PRODUCT_ID,VIEWED_AT) values (358,31,20,to_date('24/10/02','RR/MM/DD'));
Insert into MAINPROJECT.USER_VIEWS (VIEW_ID,USER_ID,PRODUCT_ID,VIEWED_AT) values (359,31,80,to_date('24/10/02','RR/MM/DD'));
Insert into MAINPROJECT.USER_VIEWS (VIEW_ID,USER_ID,PRODUCT_ID,VIEWED_AT) values (360,31,3,to_date('24/10/02','RR/MM/DD'));
Insert into MAINPROJECT.USER_VIEWS (VIEW_ID,USER_ID,PRODUCT_ID,VIEWED_AT) values (361,31,3,to_date('24/10/02','RR/MM/DD'));
Insert into MAINPROJECT.USER_VIEWS (VIEW_ID,USER_ID,PRODUCT_ID,VIEWED_AT) values (362,31,19,to_date('24/10/02','RR/MM/DD'));
Insert into MAINPROJECT.USER_VIEWS (VIEW_ID,USER_ID,PRODUCT_ID,VIEWED_AT) values (363,31,28,to_date('24/10/02','RR/MM/DD'));
Insert into MAINPROJECT.USER_VIEWS (VIEW_ID,USER_ID,PRODUCT_ID,VIEWED_AT) values (364,32,60,to_date('24/10/02','RR/MM/DD'));
Insert into MAINPROJECT.USER_VIEWS (VIEW_ID,USER_ID,PRODUCT_ID,VIEWED_AT) values (365,33,67,to_date('24/10/02','RR/MM/DD'));
Insert into MAINPROJECT.USER_VIEWS (VIEW_ID,USER_ID,PRODUCT_ID,VIEWED_AT) values (366,33,67,to_date('24/10/02','RR/MM/DD'));
Insert into MAINPROJECT.USER_VIEWS (VIEW_ID,USER_ID,PRODUCT_ID,VIEWED_AT) values (367,33,3,to_date('24/10/02','RR/MM/DD'));
Insert into MAINPROJECT.USER_VIEWS (VIEW_ID,USER_ID,PRODUCT_ID,VIEWED_AT) values (368,33,36,to_date('24/10/02','RR/MM/DD'));
Insert into MAINPROJECT.USER_VIEWS (VIEW_ID,USER_ID,PRODUCT_ID,VIEWED_AT) values (369,33,94,to_date('24/10/02','RR/MM/DD'));
Insert into MAINPROJECT.USER_VIEWS (VIEW_ID,USER_ID,PRODUCT_ID,VIEWED_AT) values (370,33,123,to_date('24/10/02','RR/MM/DD'));
Insert into MAINPROJECT.USER_VIEWS (VIEW_ID,USER_ID,PRODUCT_ID,VIEWED_AT) values (371,33,1,to_date('24/10/02','RR/MM/DD'));
Insert into MAINPROJECT.USER_VIEWS (VIEW_ID,USER_ID,PRODUCT_ID,VIEWED_AT) values (372,33,1,to_date('24/10/02','RR/MM/DD'));
Insert into MAINPROJECT.USER_VIEWS (VIEW_ID,USER_ID,PRODUCT_ID,VIEWED_AT) values (373,34,7,to_date('24/10/02','RR/MM/DD'));
Insert into MAINPROJECT.USER_VIEWS (VIEW_ID,USER_ID,PRODUCT_ID,VIEWED_AT) values (374,34,117,to_date('24/10/02','RR/MM/DD'));
Insert into MAINPROJECT.USER_VIEWS (VIEW_ID,USER_ID,PRODUCT_ID,VIEWED_AT) values (375,34,35,to_date('24/10/02','RR/MM/DD'));
Insert into MAINPROJECT.USER_VIEWS (VIEW_ID,USER_ID,PRODUCT_ID,VIEWED_AT) values (376,34,7,to_date('24/10/02','RR/MM/DD'));
Insert into MAINPROJECT.USER_VIEWS (VIEW_ID,USER_ID,PRODUCT_ID,VIEWED_AT) values (377,34,84,to_date('24/10/02','RR/MM/DD'));
Insert into MAINPROJECT.USER_VIEWS (VIEW_ID,USER_ID,PRODUCT_ID,VIEWED_AT) values (378,34,108,to_date('24/10/02','RR/MM/DD'));
Insert into MAINPROJECT.USER_VIEWS (VIEW_ID,USER_ID,PRODUCT_ID,VIEWED_AT) values (379,34,77,to_date('24/10/02','RR/MM/DD'));
Insert into MAINPROJECT.USER_VIEWS (VIEW_ID,USER_ID,PRODUCT_ID,VIEWED_AT) values (380,35,15,to_date('24/10/02','RR/MM/DD'));
Insert into MAINPROJECT.USER_VIEWS (VIEW_ID,USER_ID,PRODUCT_ID,VIEWED_AT) values (381,35,113,to_date('24/10/02','RR/MM/DD'));
Insert into MAINPROJECT.USER_VIEWS (VIEW_ID,USER_ID,PRODUCT_ID,VIEWED_AT) values (382,36,43,to_date('24/10/02','RR/MM/DD'));
Insert into MAINPROJECT.USER_VIEWS (VIEW_ID,USER_ID,PRODUCT_ID,VIEWED_AT) values (383,36,43,to_date('24/10/02','RR/MM/DD'));
Insert into MAINPROJECT.USER_VIEWS (VIEW_ID,USER_ID,PRODUCT_ID,VIEWED_AT) values (384,36,67,to_date('24/10/02','RR/MM/DD'));
Insert into MAINPROJECT.USER_VIEWS (VIEW_ID,USER_ID,PRODUCT_ID,VIEWED_AT) values (385,36,122,to_date('24/10/02','RR/MM/DD'));
Insert into MAINPROJECT.USER_VIEWS (VIEW_ID,USER_ID,PRODUCT_ID,VIEWED_AT) values (386,36,83,to_date('24/10/02','RR/MM/DD'));
Insert into MAINPROJECT.USER_VIEWS (VIEW_ID,USER_ID,PRODUCT_ID,VIEWED_AT) values (387,36,120,to_date('24/10/02','RR/MM/DD'));
Insert into MAINPROJECT.USER_VIEWS (VIEW_ID,USER_ID,PRODUCT_ID,VIEWED_AT) values (388,36,135,to_date('24/10/02','RR/MM/DD'));
Insert into MAINPROJECT.USER_VIEWS (VIEW_ID,USER_ID,PRODUCT_ID,VIEWED_AT) values (389,36,15,to_date('24/10/02','RR/MM/DD'));
Insert into MAINPROJECT.USER_VIEWS (VIEW_ID,USER_ID,PRODUCT_ID,VIEWED_AT) values (390,36,135,to_date('24/10/02','RR/MM/DD'));
Insert into MAINPROJECT.USER_VIEWS (VIEW_ID,USER_ID,PRODUCT_ID,VIEWED_AT) values (391,36,135,to_date('24/10/02','RR/MM/DD'));
Insert into MAINPROJECT.USER_VIEWS (VIEW_ID,USER_ID,PRODUCT_ID,VIEWED_AT) values (392,37,3,to_date('24/10/02','RR/MM/DD'));
Insert into MAINPROJECT.USER_VIEWS (VIEW_ID,USER_ID,PRODUCT_ID,VIEWED_AT) values (393,37,109,to_date('24/10/02','RR/MM/DD'));
--------------------------------------------------------
--  DDL for Trigger TRG_BEFORE_INSERT_ORDERS
--------------------------------------------------------

  CREATE OR REPLACE TRIGGER "MAINPROJECT"."TRG_BEFORE_INSERT_ORDERS" 
BEFORE INSERT ON orders
FOR EACH ROW
BEGIN
  IF :new.order_id IS NULL THEN
    SELECT order_seq.NEXTVAL
    INTO :new.order_id
    FROM dual;
  END IF;
END;
/
ALTER TRIGGER "MAINPROJECT"."TRG_BEFORE_INSERT_ORDERS" ENABLE;
--------------------------------------------------------
--  DDL for Trigger TRG_BEFORE_INSERT_USERS
--------------------------------------------------------

  CREATE OR REPLACE TRIGGER "MAINPROJECT"."TRG_BEFORE_INSERT_USERS" 
BEFORE INSERT ON USERS
FOR EACH ROW
BEGIN
    IF :NEW.USER_ID IS NULL THEN
        SELECT user_id_seq.NEXTVAL
        INTO :NEW.USER_ID
        FROM dual;
    END IF;
END;



/
ALTER TRIGGER "MAINPROJECT"."TRG_BEFORE_INSERT_USERS" ENABLE;
--------------------------------------------------------
--  Constraints for Table ORDER_ITEMS
--------------------------------------------------------

  ALTER TABLE "MAINPROJECT"."ORDER_ITEMS" MODIFY ("ORDER_ID" NOT NULL ENABLE);
  ALTER TABLE "MAINPROJECT"."ORDER_ITEMS" MODIFY ("PRODUCT_ID" NOT NULL ENABLE);
  ALTER TABLE "MAINPROJECT"."ORDER_ITEMS" MODIFY ("PRICE" NOT NULL ENABLE);
  ALTER TABLE "MAINPROJECT"."ORDER_ITEMS" ADD PRIMARY KEY ("ORDER_ITEM_ID")
  USING INDEX PCTFREE 10 INITRANS 2 MAXTRANS 255 COMPUTE STATISTICS 
  STORAGE(INITIAL 65536 NEXT 1048576 MINEXTENTS 1 MAXEXTENTS 2147483645
  PCTINCREASE 0 FREELISTS 1 FREELIST GROUPS 1 BUFFER_POOL DEFAULT FLASH_CACHE DEFAULT CELL_FLASH_CACHE DEFAULT)
  TABLESPACE "SYSTEM"  ENABLE;
--------------------------------------------------------
--  Constraints for Table USERS
--------------------------------------------------------

  ALTER TABLE "MAINPROJECT"."USERS" MODIFY ("USERNAME" NOT NULL ENABLE);
  ALTER TABLE "MAINPROJECT"."USERS" MODIFY ("EMAIL" NOT NULL ENABLE);
  ALTER TABLE "MAINPROJECT"."USERS" MODIFY ("PASSWORD" NOT NULL ENABLE);
  ALTER TABLE "MAINPROJECT"."USERS" ADD PRIMARY KEY ("USER_ID")
  USING INDEX PCTFREE 10 INITRANS 2 MAXTRANS 255 COMPUTE STATISTICS 
  STORAGE(INITIAL 65536 NEXT 1048576 MINEXTENTS 1 MAXEXTENTS 2147483645
  PCTINCREASE 0 FREELISTS 1 FREELIST GROUPS 1 BUFFER_POOL DEFAULT FLASH_CACHE DEFAULT CELL_FLASH_CACHE DEFAULT)
  TABLESPACE "SYSTEM"  ENABLE;
  ALTER TABLE "MAINPROJECT"."USERS" ADD UNIQUE ("EMAIL")
  USING INDEX PCTFREE 10 INITRANS 2 MAXTRANS 255 COMPUTE STATISTICS 
  STORAGE(INITIAL 65536 NEXT 1048576 MINEXTENTS 1 MAXEXTENTS 2147483645
  PCTINCREASE 0 FREELISTS 1 FREELIST GROUPS 1 BUFFER_POOL DEFAULT FLASH_CACHE DEFAULT CELL_FLASH_CACHE DEFAULT)
  TABLESPACE "SYSTEM"  ENABLE;
--------------------------------------------------------
--  Constraints for Table CART_HISTORY
--------------------------------------------------------

  ALTER TABLE "MAINPROJECT"."CART_HISTORY" MODIFY ("USER_ID" NOT NULL ENABLE);
  ALTER TABLE "MAINPROJECT"."CART_HISTORY" MODIFY ("PRODUCT_ID" NOT NULL ENABLE);
  ALTER TABLE "MAINPROJECT"."CART_HISTORY" ADD CHECK (ACTION IN ('ADD', 'REMOVE')) ENABLE;
  ALTER TABLE "MAINPROJECT"."CART_HISTORY" ADD PRIMARY KEY ("CART_HISTORY_ID")
  USING INDEX PCTFREE 10 INITRANS 2 MAXTRANS 255 COMPUTE STATISTICS 
  STORAGE(INITIAL 65536 NEXT 1048576 MINEXTENTS 1 MAXEXTENTS 2147483645
  PCTINCREASE 0 FREELISTS 1 FREELIST GROUPS 1 BUFFER_POOL DEFAULT FLASH_CACHE DEFAULT CELL_FLASH_CACHE DEFAULT)
  TABLESPACE "SYSTEM"  ENABLE;
--------------------------------------------------------
--  Constraints for Table ORDERS
--------------------------------------------------------

  ALTER TABLE "MAINPROJECT"."ORDERS" MODIFY ("USER_ID" NOT NULL ENABLE);
  ALTER TABLE "MAINPROJECT"."ORDERS" ADD PRIMARY KEY ("ORDER_ID")
  USING INDEX PCTFREE 10 INITRANS 2 MAXTRANS 255 COMPUTE STATISTICS 
  STORAGE(INITIAL 65536 NEXT 1048576 MINEXTENTS 1 MAXEXTENTS 2147483645
  PCTINCREASE 0 FREELISTS 1 FREELIST GROUPS 1 BUFFER_POOL DEFAULT FLASH_CACHE DEFAULT CELL_FLASH_CACHE DEFAULT)
  TABLESPACE "SYSTEM"  ENABLE;
--------------------------------------------------------
--  Constraints for Table PRODUCTS
--------------------------------------------------------

  ALTER TABLE "MAINPROJECT"."PRODUCTS" MODIFY ("PRODUCT_NAME" NOT NULL ENABLE);
  ALTER TABLE "MAINPROJECT"."PRODUCTS" MODIFY ("PRICE" NOT NULL ENABLE);
  ALTER TABLE "MAINPROJECT"."PRODUCTS" ADD PRIMARY KEY ("PRODUCT_ID")
  USING INDEX PCTFREE 10 INITRANS 2 MAXTRANS 255 COMPUTE STATISTICS 
  STORAGE(INITIAL 65536 NEXT 1048576 MINEXTENTS 1 MAXEXTENTS 2147483645
  PCTINCREASE 0 FREELISTS 1 FREELIST GROUPS 1 BUFFER_POOL DEFAULT FLASH_CACHE DEFAULT CELL_FLASH_CACHE DEFAULT)
  TABLESPACE "SYSTEM"  ENABLE;
--------------------------------------------------------
--  Constraints for Table CART_ITEMS
--------------------------------------------------------

  ALTER TABLE "MAINPROJECT"."CART_ITEMS" ADD PRIMARY KEY ("USER_ID", "PRODUCT_ID")
  USING INDEX PCTFREE 10 INITRANS 2 MAXTRANS 255 COMPUTE STATISTICS 
  STORAGE(INITIAL 65536 NEXT 1048576 MINEXTENTS 1 MAXEXTENTS 2147483645
  PCTINCREASE 0 FREELISTS 1 FREELIST GROUPS 1 BUFFER_POOL DEFAULT FLASH_CACHE DEFAULT CELL_FLASH_CACHE DEFAULT)
  TABLESPACE "SYSTEM"  ENABLE;
--------------------------------------------------------
--  Constraints for Table PRODUCT_DESCRIPTIONS
--------------------------------------------------------

  ALTER TABLE "MAINPROJECT"."PRODUCT_DESCRIPTIONS" MODIFY ("PRODUCT_ID" NOT NULL ENABLE);
  ALTER TABLE "MAINPROJECT"."PRODUCT_DESCRIPTIONS" MODIFY ("LANGUAGE" NOT NULL ENABLE);
  ALTER TABLE "MAINPROJECT"."PRODUCT_DESCRIPTIONS" ADD PRIMARY KEY ("DESCRIPTION_ID")
  USING INDEX PCTFREE 10 INITRANS 2 MAXTRANS 255 COMPUTE STATISTICS 
  STORAGE(INITIAL 65536 NEXT 1048576 MINEXTENTS 1 MAXEXTENTS 2147483645
  PCTINCREASE 0 FREELISTS 1 FREELIST GROUPS 1 BUFFER_POOL DEFAULT FLASH_CACHE DEFAULT CELL_FLASH_CACHE DEFAULT)
  TABLESPACE "SYSTEM"  ENABLE;
--------------------------------------------------------
--  Constraints for Table USER_VIEWS
--------------------------------------------------------

  ALTER TABLE "MAINPROJECT"."USER_VIEWS" MODIFY ("USER_ID" NOT NULL ENABLE);
  ALTER TABLE "MAINPROJECT"."USER_VIEWS" MODIFY ("PRODUCT_ID" NOT NULL ENABLE);
  ALTER TABLE "MAINPROJECT"."USER_VIEWS" ADD PRIMARY KEY ("VIEW_ID")
  USING INDEX PCTFREE 10 INITRANS 2 MAXTRANS 255 COMPUTE STATISTICS 
  STORAGE(INITIAL 65536 NEXT 1048576 MINEXTENTS 1 MAXEXTENTS 2147483645
  PCTINCREASE 0 FREELISTS 1 FREELIST GROUPS 1 BUFFER_POOL DEFAULT FLASH_CACHE DEFAULT CELL_FLASH_CACHE DEFAULT)
  TABLESPACE "SYSTEM"  ENABLE;
--------------------------------------------------------
--  Constraints for Table CATEGORIES
--------------------------------------------------------

  ALTER TABLE "MAINPROJECT"."CATEGORIES" MODIFY ("CATEGORY_NAME" NOT NULL ENABLE);
  ALTER TABLE "MAINPROJECT"."CATEGORIES" ADD PRIMARY KEY ("CATEGORY_ID")
  USING INDEX PCTFREE 10 INITRANS 2 MAXTRANS 255 COMPUTE STATISTICS 
  STORAGE(INITIAL 65536 NEXT 1048576 MINEXTENTS 1 MAXEXTENTS 2147483645
  PCTINCREASE 0 FREELISTS 1 FREELIST GROUPS 1 BUFFER_POOL DEFAULT FLASH_CACHE DEFAULT CELL_FLASH_CACHE DEFAULT)
  TABLESPACE "SYSTEM"  ENABLE;
--------------------------------------------------------
--  Ref Constraints for Table CART_HISTORY
--------------------------------------------------------

  ALTER TABLE "MAINPROJECT"."CART_HISTORY" ADD FOREIGN KEY ("USER_ID")
	  REFERENCES "MAINPROJECT"."USERS" ("USER_ID") ENABLE;
  ALTER TABLE "MAINPROJECT"."CART_HISTORY" ADD FOREIGN KEY ("PRODUCT_ID")
	  REFERENCES "MAINPROJECT"."PRODUCTS" ("PRODUCT_ID") ENABLE;
--------------------------------------------------------
--  Ref Constraints for Table CART_ITEMS
--------------------------------------------------------

  ALTER TABLE "MAINPROJECT"."CART_ITEMS" ADD CONSTRAINT "FK_PRODUCT_ID" FOREIGN KEY ("PRODUCT_ID")
	  REFERENCES "MAINPROJECT"."PRODUCTS" ("PRODUCT_ID") ENABLE;
  ALTER TABLE "MAINPROJECT"."CART_ITEMS" ADD CONSTRAINT "FK_USER_ID" FOREIGN KEY ("USER_ID")
	  REFERENCES "MAINPROJECT"."USERS" ("USER_ID") ENABLE;
--------------------------------------------------------
--  Ref Constraints for Table ORDERS
--------------------------------------------------------

  ALTER TABLE "MAINPROJECT"."ORDERS" ADD FOREIGN KEY ("USER_ID")
	  REFERENCES "MAINPROJECT"."USERS" ("USER_ID") ENABLE;
--------------------------------------------------------
--  Ref Constraints for Table ORDER_ITEMS
--------------------------------------------------------

  ALTER TABLE "MAINPROJECT"."ORDER_ITEMS" ADD FOREIGN KEY ("ORDER_ID")
	  REFERENCES "MAINPROJECT"."ORDERS" ("ORDER_ID") ENABLE;
  ALTER TABLE "MAINPROJECT"."ORDER_ITEMS" ADD FOREIGN KEY ("PRODUCT_ID")
	  REFERENCES "MAINPROJECT"."PRODUCTS" ("PRODUCT_ID") ENABLE;
--------------------------------------------------------
--  Ref Constraints for Table PRODUCTS
--------------------------------------------------------

  ALTER TABLE "MAINPROJECT"."PRODUCTS" ADD FOREIGN KEY ("CATEGORY_ID")
	  REFERENCES "MAINPROJECT"."CATEGORIES" ("CATEGORY_ID") ENABLE;
--------------------------------------------------------
--  Ref Constraints for Table PRODUCT_DESCRIPTIONS
--------------------------------------------------------

  ALTER TABLE "MAINPROJECT"."PRODUCT_DESCRIPTIONS" ADD FOREIGN KEY ("PRODUCT_ID")
	  REFERENCES "MAINPROJECT"."PRODUCTS" ("PRODUCT_ID") ENABLE;
--------------------------------------------------------
--  Ref Constraints for Table USER_VIEWS
--------------------------------------------------------

  ALTER TABLE "MAINPROJECT"."USER_VIEWS" ADD FOREIGN KEY ("USER_ID")
	  REFERENCES "MAINPROJECT"."USERS" ("USER_ID") ENABLE;
  ALTER TABLE "MAINPROJECT"."USER_VIEWS" ADD FOREIGN KEY ("PRODUCT_ID")
	  REFERENCES "MAINPROJECT"."PRODUCTS" ("PRODUCT_ID") ENABLE;
