--------------------------------------------------------
--  파일이 생성됨 - 목요일-9월-19-2024   
--------------------------------------------------------
--------------------------------------------------------
--  DDL for Sequence ORDER_ID_SEQ
--------------------------------------------------------

   CREATE SEQUENCE  "MAINPROJECT"."ORDER_ID_SEQ"  MINVALUE 1 MAXVALUE 9999999999999999999999999999 INCREMENT BY 1 START WITH 45 NOCACHE  NOORDER  NOCYCLE ;
--------------------------------------------------------
--  DDL for Sequence ORDER_SEQ
--------------------------------------------------------

   CREATE SEQUENCE  "MAINPROJECT"."ORDER_SEQ"  MINVALUE 1 MAXVALUE 9999999999999999999999999999 INCREMENT BY 1 START WITH 70 NOCACHE  NOORDER  NOCYCLE ;
--------------------------------------------------------
--  DDL for Sequence PRODUCT_SEQ
--------------------------------------------------------

   CREATE SEQUENCE  "MAINPROJECT"."PRODUCT_SEQ"  MINVALUE 1 MAXVALUE 9999999999999999999999999999 INCREMENT BY 1 START WITH 16 NOCACHE  NOORDER  NOCYCLE ;
--------------------------------------------------------
--  DDL for Sequence USER_ID_SEQ
--------------------------------------------------------

   CREATE SEQUENCE  "MAINPROJECT"."USER_ID_SEQ"  MINVALUE 1 MAXVALUE 9999999999999999999999999999 INCREMENT BY 1 START WITH 5 NOCACHE  NOORDER  NOCYCLE ;

   CREATE SEQUENCE cart_history_seq START WITH 1 INCREMENT BY 1 NOCACHE;

--------------------------------------------------------
--  DDL for Table CART_HISTORY
--------------------------------------------------------

  CREATE TABLE "MAINPROJECT"."CART_HISTORY" 
   (	"CART_HISTORY_ID" NUMBER, 
	"USER_ID" NUMBER, 
	"PRODUCT_ID" NUMBER, 
	"ACTION" VARCHAR2(10 BYTE), 
	"ACTION_DATE" DATE DEFAULT SYSDATE
   ) SEGMENT CREATION IMMEDIATE 
  PCTFREE 10 PCTUSED 40 INITRANS 1 MAXTRANS 255 NOCOMPRESS LOGGING
  STORAGE(INITIAL 65536 NEXT 1048576 MINEXTENTS 1 MAXEXTENTS 2147483645
  PCTINCREASE 0 FREELISTS 1 FREELIST GROUPS 1 BUFFER_POOL DEFAULT FLASH_CACHE DEFAULT CELL_FLASH_CACHE DEFAULT)
  TABLESPACE "SYSTEM" ;
--------------------------------------------------------
--  DDL for Table CART_ITEMS
--------------------------------------------------------

  CREATE TABLE "MAINPROJECT"."CART_ITEMS" 
   (	"USER_ID" NUMBER, 
	"PRODUCT_ID" NUMBER, 
	"QUANTITY" NUMBER DEFAULT 1, 
	"PRICE" NUMBER
   ) SEGMENT CREATION IMMEDIATE 
  PCTFREE 10 PCTUSED 40 INITRANS 1 MAXTRANS 255 NOCOMPRESS LOGGING
  STORAGE(INITIAL 65536 NEXT 1048576 MINEXTENTS 1 MAXEXTENTS 2147483645
  PCTINCREASE 0 FREELISTS 1 FREELIST GROUPS 1 BUFFER_POOL DEFAULT FLASH_CACHE DEFAULT CELL_FLASH_CACHE DEFAULT)
  TABLESPACE "SYSTEM" ;
--------------------------------------------------------
--  DDL for Table CATEGORIES
--------------------------------------------------------

  CREATE TABLE "MAINPROJECT"."CATEGORIES" 
   (	"CATEGORY_ID" NUMBER, 
	"CATEGORY_NAME" VARCHAR2(100 BYTE)
   ) SEGMENT CREATION IMMEDIATE 
  PCTFREE 10 PCTUSED 40 INITRANS 1 MAXTRANS 255 NOCOMPRESS LOGGING
  STORAGE(INITIAL 65536 NEXT 1048576 MINEXTENTS 1 MAXEXTENTS 2147483645
  PCTINCREASE 0 FREELISTS 1 FREELIST GROUPS 1 BUFFER_POOL DEFAULT FLASH_CACHE DEFAULT CELL_FLASH_CACHE DEFAULT)
  TABLESPACE "SYSTEM" ;
--------------------------------------------------------
--  DDL for Table ORDERS
--------------------------------------------------------

  CREATE TABLE "MAINPROJECT"."ORDERS" 
   (	"ORDER_ID" NUMBER, 
	"USER_ID" NUMBER, 
	"ORDER_DATE" DATE DEFAULT SYSDATE, 
	"TOTAL_PRICE" NUMBER, 
	"ADDRESS" VARCHAR2(100 BYTE), 
	"NAME" VARCHAR2(255 BYTE), 
	"PHONE" VARCHAR2(255 BYTE)
   ) SEGMENT CREATION IMMEDIATE 
  PCTFREE 10 PCTUSED 40 INITRANS 1 MAXTRANS 255 NOCOMPRESS LOGGING
  STORAGE(INITIAL 65536 NEXT 1048576 MINEXTENTS 1 MAXEXTENTS 2147483645
  PCTINCREASE 0 FREELISTS 1 FREELIST GROUPS 1 BUFFER_POOL DEFAULT FLASH_CACHE DEFAULT CELL_FLASH_CACHE DEFAULT)
  TABLESPACE "SYSTEM" ;
--------------------------------------------------------
--  DDL for Table ORDER_ITEMS
--------------------------------------------------------

  CREATE TABLE "MAINPROJECT"."ORDER_ITEMS" 
   (	"ORDER_ITEM_ID" NUMBER, 
	"ORDER_ID" NUMBER, 
	"PRODUCT_ID" NUMBER, 
	"QUANTITY" NUMBER DEFAULT 1, 
	"PRICE" NUMBER
   ) SEGMENT CREATION IMMEDIATE 
  PCTFREE 10 PCTUSED 40 INITRANS 1 MAXTRANS 255 NOCOMPRESS LOGGING
  STORAGE(INITIAL 65536 NEXT 1048576 MINEXTENTS 1 MAXEXTENTS 2147483645
  PCTINCREASE 0 FREELISTS 1 FREELIST GROUPS 1 BUFFER_POOL DEFAULT FLASH_CACHE DEFAULT CELL_FLASH_CACHE DEFAULT)
  TABLESPACE "SYSTEM" ;
--------------------------------------------------------
--  DDL for Table PRODUCTS
--------------------------------------------------------

  CREATE TABLE "MAINPROJECT"."PRODUCTS" 
   (	"PRODUCT_ID" NUMBER, 
	"PRODUCT_NAME" VARCHAR2(255 BYTE), 
	"CATEGORY_ID" NUMBER, 
	"PRICE" NUMBER, 
	"STOCK_QUANTITY" NUMBER DEFAULT 0, 
	"IMAGE_URL" VARCHAR2(255 BYTE)
   ) SEGMENT CREATION IMMEDIATE 
  PCTFREE 10 PCTUSED 40 INITRANS 1 MAXTRANS 255 NOCOMPRESS LOGGING
  STORAGE(INITIAL 65536 NEXT 1048576 MINEXTENTS 1 MAXEXTENTS 2147483645
  PCTINCREASE 0 FREELISTS 1 FREELIST GROUPS 1 BUFFER_POOL DEFAULT FLASH_CACHE DEFAULT CELL_FLASH_CACHE DEFAULT)
  TABLESPACE "SYSTEM" ;
--------------------------------------------------------
--  DDL for Table PRODUCT_DESCRIPTIONS
--------------------------------------------------------

  CREATE TABLE "MAINPROJECT"."PRODUCT_DESCRIPTIONS" 
   (	"DESCRIPTION_ID" NUMBER, 
	"PRODUCT_ID" NUMBER, 
	"LANGUAGE" VARCHAR2(10 BYTE), 
	"DESCRIPTION" VARCHAR2(2000 BYTE)
   ) SEGMENT CREATION IMMEDIATE 
  PCTFREE 10 PCTUSED 40 INITRANS 1 MAXTRANS 255 NOCOMPRESS LOGGING
  STORAGE(INITIAL 65536 NEXT 1048576 MINEXTENTS 1 MAXEXTENTS 2147483645
  PCTINCREASE 0 FREELISTS 1 FREELIST GROUPS 1 BUFFER_POOL DEFAULT FLASH_CACHE DEFAULT CELL_FLASH_CACHE DEFAULT)
  TABLESPACE "SYSTEM" ;
--------------------------------------------------------
--  DDL for Table USERS
--------------------------------------------------------

  CREATE TABLE "MAINPROJECT"."USERS" 
   (	"USER_ID" NUMBER, 
	"USERNAME" VARCHAR2(100 BYTE), 
	"EMAIL" VARCHAR2(255 BYTE), 
	"PASSWORD" VARCHAR2(255 BYTE), 
	"PHONE_NUMBER" VARCHAR2(20 BYTE)
   ) SEGMENT CREATION IMMEDIATE 
  PCTFREE 10 PCTUSED 40 INITRANS 1 MAXTRANS 255 NOCOMPRESS LOGGING
  STORAGE(INITIAL 65536 NEXT 1048576 MINEXTENTS 1 MAXEXTENTS 2147483645
  PCTINCREASE 0 FREELISTS 1 FREELIST GROUPS 1 BUFFER_POOL DEFAULT FLASH_CACHE DEFAULT CELL_FLASH_CACHE DEFAULT)
  TABLESPACE "SYSTEM" ;
--------------------------------------------------------
--  DDL for Table USER_VIEWS
--------------------------------------------------------

  CREATE TABLE "MAINPROJECT"."USER_VIEWS" 
   (	"VIEW_ID" NUMBER, 
	"USER_ID" NUMBER, 
	"PRODUCT_ID" NUMBER, 
	"VIEWED_AT" DATE DEFAULT SYSDATE
   ) SEGMENT CREATION IMMEDIATE 
  PCTFREE 10 PCTUSED 40 INITRANS 1 MAXTRANS 255 NOCOMPRESS LOGGING
  STORAGE(INITIAL 65536 NEXT 1048576 MINEXTENTS 1 MAXEXTENTS 2147483645
  PCTINCREASE 0 FREELISTS 1 FREELIST GROUPS 1 BUFFER_POOL DEFAULT FLASH_CACHE DEFAULT CELL_FLASH_CACHE DEFAULT)
  TABLESPACE "SYSTEM" ;
REM INSERTING into MAINPROJECT.CART_HISTORY
SET DEFINE OFF;
REM INSERTING into MAINPROJECT.CART_ITEMS
SET DEFINE OFF;
Insert into MAINPROJECT.CART_ITEMS (USER_ID,PRODUCT_ID,QUANTITY,PRICE) values (1,4,1,78000);
Insert into MAINPROJECT.CART_ITEMS (USER_ID,PRODUCT_ID,QUANTITY,PRICE) values (1,9,1,279000);
Insert into MAINPROJECT.CART_ITEMS (USER_ID,PRODUCT_ID,QUANTITY,PRICE) values (3,6,1,37800);
Insert into MAINPROJECT.CART_ITEMS (USER_ID,PRODUCT_ID,QUANTITY,PRICE) values (3,5,1,21900);
Insert into MAINPROJECT.CART_ITEMS (USER_ID,PRODUCT_ID,QUANTITY,PRICE) values (0,1,1,19900);
Insert into MAINPROJECT.CART_ITEMS (USER_ID,PRODUCT_ID,QUANTITY,PRICE) values (0,2,1,65900);
Insert into MAINPROJECT.CART_ITEMS (USER_ID,PRODUCT_ID,QUANTITY,PRICE) values (1,2,1,65900);
Insert into MAINPROJECT.CART_ITEMS (USER_ID,PRODUCT_ID,QUANTITY,PRICE) values (1,11,1,184000);
Insert into MAINPROJECT.CART_ITEMS (USER_ID,PRODUCT_ID,QUANTITY,PRICE) values (3,7,1,58000);
Insert into MAINPROJECT.CART_ITEMS (USER_ID,PRODUCT_ID,QUANTITY,PRICE) values (3,8,1,109000);
REM INSERTING into MAINPROJECT.CATEGORIES
SET DEFINE OFF;
Insert into MAINPROJECT.CATEGORIES (CATEGORY_ID,CATEGORY_NAME) values (1,'MOUSE');
Insert into MAINPROJECT.CATEGORIES (CATEGORY_ID,CATEGORY_NAME) values (2,'KEYBOARD');
Insert into MAINPROJECT.CATEGORIES (CATEGORY_ID,CATEGORY_NAME) values (3,'MONITOR');
Insert into MAINPROJECT.CATEGORIES (CATEGORY_ID,CATEGORY_NAME) values (4,'WEBCAM');
Insert into MAINPROJECT.CATEGORIES (CATEGORY_ID,CATEGORY_NAME) values (5,'SPEAKER');
Insert into MAINPROJECT.CATEGORIES (CATEGORY_ID,CATEGORY_NAME) values (6,'HEADSET');
REM INSERTING into MAINPROJECT.ORDERS
SET DEFINE OFF;
Insert into MAINPROJECT.ORDERS (ORDER_ID,USER_ID,ORDER_DATE,TOTAL_PRICE,ADDRESS,NAME,PHONE) values (17,3,to_date('24/09/10','RR/MM/DD'),null,null,null,null);
Insert into MAINPROJECT.ORDERS (ORDER_ID,USER_ID,ORDER_DATE,TOTAL_PRICE,ADDRESS,NAME,PHONE) values (18,3,to_date('24/09/10','RR/MM/DD'),null,null,null,null);
Insert into MAINPROJECT.ORDERS (ORDER_ID,USER_ID,ORDER_DATE,TOTAL_PRICE,ADDRESS,NAME,PHONE) values (19,3,to_date('24/09/10','RR/MM/DD'),null,null,null,null);
Insert into MAINPROJECT.ORDERS (ORDER_ID,USER_ID,ORDER_DATE,TOTAL_PRICE,ADDRESS,NAME,PHONE) values (20,3,to_date('24/09/10','RR/MM/DD'),378000,'asd',null,'asd');
Insert into MAINPROJECT.ORDERS (ORDER_ID,USER_ID,ORDER_DATE,TOTAL_PRICE,ADDRESS,NAME,PHONE) values (15,3,to_date('24/09/10','RR/MM/DD'),null,null,null,null);
Insert into MAINPROJECT.ORDERS (ORDER_ID,USER_ID,ORDER_DATE,TOTAL_PRICE,ADDRESS,NAME,PHONE) values (16,3,to_date('24/09/10','RR/MM/DD'),null,null,null,null);
Insert into MAINPROJECT.ORDERS (ORDER_ID,USER_ID,ORDER_DATE,TOTAL_PRICE,ADDRESS,NAME,PHONE) values (21,3,to_date('24/09/10','RR/MM/DD'),378000,'bbb',null,'1');
Insert into MAINPROJECT.ORDERS (ORDER_ID,USER_ID,ORDER_DATE,TOTAL_PRICE,ADDRESS,NAME,PHONE) values (22,3,to_date('24/09/10','RR/MM/DD'),378000,'bbb',null,'1');
Insert into MAINPROJECT.ORDERS (ORDER_ID,USER_ID,ORDER_DATE,TOTAL_PRICE,ADDRESS,NAME,PHONE) values (23,3,to_date('24/09/10','RR/MM/DD'),378000,'bbb',null,'1');
Insert into MAINPROJECT.ORDERS (ORDER_ID,USER_ID,ORDER_DATE,TOTAL_PRICE,ADDRESS,NAME,PHONE) values (24,3,to_date('24/09/10','RR/MM/DD'),328000,'경기 화성시 동탄숲속로 36 (능동, 동탄숲속마을모아미래도2단지)',null,'111111111');
Insert into MAINPROJECT.ORDERS (ORDER_ID,USER_ID,ORDER_DATE,TOTAL_PRICE,ADDRESS,NAME,PHONE) values (25,3,to_date('24/09/10','RR/MM/DD'),278000,'abcdef',null,'123123');
Insert into MAINPROJECT.ORDERS (ORDER_ID,USER_ID,ORDER_DATE,TOTAL_PRICE,ADDRESS,NAME,PHONE) values (26,3,to_date('24/09/10','RR/MM/DD'),418000,'집','이이이','010');
Insert into MAINPROJECT.ORDERS (ORDER_ID,USER_ID,ORDER_DATE,TOTAL_PRICE,ADDRESS,NAME,PHONE) values (27,3,to_date('24/09/12','RR/MM/DD'),728000,'basdasdasdasdasdasdasdasdasdasdasdasd','lyw123123','123123');
Insert into MAINPROJECT.ORDERS (ORDER_ID,USER_ID,ORDER_DATE,TOTAL_PRICE,ADDRESS,NAME,PHONE) values (28,3,to_date('24/09/12','RR/MM/DD'),278000,'baba','baba','baba');
Insert into MAINPROJECT.ORDERS (ORDER_ID,USER_ID,ORDER_DATE,TOTAL_PRICE,ADDRESS,NAME,PHONE) values (29,3,to_date('24/09/12','RR/MM/DD'),328000,'caca','caca','caca');
Insert into MAINPROJECT.ORDERS (ORDER_ID,USER_ID,ORDER_DATE,TOTAL_PRICE,ADDRESS,NAME,PHONE) values (30,3,to_date('24/09/12','RR/MM/DD'),0,null,null,null);
Insert into MAINPROJECT.ORDERS (ORDER_ID,USER_ID,ORDER_DATE,TOTAL_PRICE,ADDRESS,NAME,PHONE) values (31,3,to_date('24/09/12','RR/MM/DD'),378000,'qqqq','qqqq','qqqq');
Insert into MAINPROJECT.ORDERS (ORDER_ID,USER_ID,ORDER_DATE,TOTAL_PRICE,ADDRESS,NAME,PHONE) values (32,3,to_date('24/09/12','RR/MM/DD'),null,'rrrr','rrrr','rrrr');
Insert into MAINPROJECT.ORDERS (ORDER_ID,USER_ID,ORDER_DATE,TOTAL_PRICE,ADDRESS,NAME,PHONE) values (33,3,to_date('24/09/12','RR/MM/DD'),null,'qwqwqw','qqwqw','qwqwqw');
Insert into MAINPROJECT.ORDERS (ORDER_ID,USER_ID,ORDER_DATE,TOTAL_PRICE,ADDRESS,NAME,PHONE) values (34,3,to_date('24/09/12','RR/MM/DD'),378000,'bbbbbbbbbbbbb','bbbbbbbbbbbb','bbbbbbbbbbbbb');
Insert into MAINPROJECT.ORDERS (ORDER_ID,USER_ID,ORDER_DATE,TOTAL_PRICE,ADDRESS,NAME,PHONE) values (35,3,to_date('24/09/12','RR/MM/DD'),228000,'aaq','aaq','aaq');
Insert into MAINPROJECT.ORDERS (ORDER_ID,USER_ID,ORDER_DATE,TOTAL_PRICE,ADDRESS,NAME,PHONE) values (36,3,to_date('24/09/12','RR/MM/DD'),88000,'111','111','111');
Insert into MAINPROJECT.ORDERS (ORDER_ID,USER_ID,ORDER_DATE,TOTAL_PRICE,ADDRESS,NAME,PHONE) values (37,3,to_date('24/09/12','RR/MM/DD'),378000,'222','222','2222');
Insert into MAINPROJECT.ORDERS (ORDER_ID,USER_ID,ORDER_DATE,TOTAL_PRICE,ADDRESS,NAME,PHONE) values (38,3,to_date('24/09/12','RR/MM/DD'),null,'qweqwe','qwewqe','qwewqe');
Insert into MAINPROJECT.ORDERS (ORDER_ID,USER_ID,ORDER_DATE,TOTAL_PRICE,ADDRESS,NAME,PHONE) values (39,3,to_date('24/09/12','RR/MM/DD'),328000,'asd','asd','asd');
Insert into MAINPROJECT.ORDERS (ORDER_ID,USER_ID,ORDER_DATE,TOTAL_PRICE,ADDRESS,NAME,PHONE) values (40,3,to_date('24/09/12','RR/MM/DD'),378000,'ㅠㅠㅠ','ㅠㅠㅠ','ㅠㅠㅠ');
Insert into MAINPROJECT.ORDERS (ORDER_ID,USER_ID,ORDER_DATE,TOTAL_PRICE,ADDRESS,NAME,PHONE) values (41,3,to_date('24/09/12','RR/MM/DD'),88000,'123123','123123','123123');
Insert into MAINPROJECT.ORDERS (ORDER_ID,USER_ID,ORDER_DATE,TOTAL_PRICE,ADDRESS,NAME,PHONE) values (42,3,to_date('24/09/12','RR/MM/DD'),138000,'글로벌아카데미','TEST','01099856572');
Insert into MAINPROJECT.ORDERS (ORDER_ID,USER_ID,ORDER_DATE,TOTAL_PRICE,ADDRESS,NAME,PHONE) values (43,3,to_date('24/09/12','RR/MM/DD'),153000,'글로벌아카데미','lyw','01099856572');
Insert into MAINPROJECT.ORDERS (ORDER_ID,USER_ID,ORDER_DATE,TOTAL_PRICE,ADDRESS,NAME,PHONE) values (44,3,to_date('24/09/12','RR/MM/DD'),683000,'경기 화성시 동탄숲속로 36 (능동, 동탄숲속마을모아미래도2단지)','lyw','333333333');
Insert into MAINPROJECT.ORDERS (ORDER_ID,USER_ID,ORDER_DATE,TOTAL_PRICE,ADDRESS,NAME,PHONE) values (45,3,to_date('24/09/12','RR/MM/DD'),328000,'avsasv','vasasv','asvasv');
Insert into MAINPROJECT.ORDERS (ORDER_ID,USER_ID,ORDER_DATE,TOTAL_PRICE,ADDRESS,NAME,PHONE) values (46,3,to_date('24/09/12','RR/MM/DD'),148000,'경기 화성시 동탄숲속로 36 (능동, 동탄숲속마을모아미래도2단지)','lyw','01099856572');
Insert into MAINPROJECT.ORDERS (ORDER_ID,USER_ID,ORDER_DATE,TOTAL_PRICE,ADDRESS,NAME,PHONE) values (47,3,to_date('24/09/12','RR/MM/DD'),88000,'글로벌아카데미','lyw','01099856572');
Insert into MAINPROJECT.ORDERS (ORDER_ID,USER_ID,ORDER_DATE,TOTAL_PRICE,ADDRESS,NAME,PHONE) values (48,3,to_date('24/09/12','RR/MM/DD'),183000,'dada','dada','dada');
Insert into MAINPROJECT.ORDERS (ORDER_ID,USER_ID,ORDER_DATE,TOTAL_PRICE,ADDRESS,NAME,PHONE) values (49,3,to_date('24/09/12','RR/MM/DD'),428000,'글로벌아카데미','lyw','01099856572');
Insert into MAINPROJECT.ORDERS (ORDER_ID,USER_ID,ORDER_DATE,TOTAL_PRICE,ADDRESS,NAME,PHONE) values (50,3,to_date('24/09/12','RR/MM/DD'),183000,'ㅠㅠㅠ','lyw','c');
Insert into MAINPROJECT.ORDERS (ORDER_ID,USER_ID,ORDER_DATE,TOTAL_PRICE,ADDRESS,NAME,PHONE) values (51,3,to_date('24/09/12','RR/MM/DD'),378000,'abab','abab','abab');
Insert into MAINPROJECT.ORDERS (ORDER_ID,USER_ID,ORDER_DATE,TOTAL_PRICE,ADDRESS,NAME,PHONE) values (52,3,to_date('24/09/12','RR/MM/DD'),1968000,'ㅁ','ㅁ','ㅁㅁ');
Insert into MAINPROJECT.ORDERS (ORDER_ID,USER_ID,ORDER_DATE,TOTAL_PRICE,ADDRESS,NAME,PHONE) values (53,3,to_date('24/09/12','RR/MM/DD'),278000,'ㄴㄴ','ㅁㅁ','ㅁㅁ');
Insert into MAINPROJECT.ORDERS (ORDER_ID,USER_ID,ORDER_DATE,TOTAL_PRICE,ADDRESS,NAME,PHONE) values (54,0,to_date('24/09/12','RR/MM/DD'),98800,'ㅁㄴㅇ','ㅁㄴㅇ','ㅁㄴㅇ');
Insert into MAINPROJECT.ORDERS (ORDER_ID,USER_ID,ORDER_DATE,TOTAL_PRICE,ADDRESS,NAME,PHONE) values (55,0,to_date('24/09/12','RR/MM/DD'),88800,'ㅁㅁㅁ','ㅁㅁㅁ','ㅁㅁㅁ');
Insert into MAINPROJECT.ORDERS (ORDER_ID,USER_ID,ORDER_DATE,TOTAL_PRICE,ADDRESS,NAME,PHONE) values (56,0,to_date('24/09/12','RR/MM/DD'),692000,'ㅁㅁㅁㅁ','ㅁㅁㅁㅁ','ㅁㅁㅁㅁ');
Insert into MAINPROJECT.ORDERS (ORDER_ID,USER_ID,ORDER_DATE,TOTAL_PRICE,ADDRESS,NAME,PHONE) values (57,0,to_date('24/09/12','RR/MM/DD'),371000,'ㄹㄹㄹ','ㄹㄹㄹ','ㄹㄹㄹ');
Insert into MAINPROJECT.ORDERS (ORDER_ID,USER_ID,ORDER_DATE,TOTAL_PRICE,ADDRESS,NAME,PHONE) values (58,0,to_date('24/09/12','RR/MM/DD'),286500,'ㅇㅇㅇ','ㅇㅇㅇ','ㅇㅇㅇ');
Insert into MAINPROJECT.ORDERS (ORDER_ID,USER_ID,ORDER_DATE,TOTAL_PRICE,ADDRESS,NAME,PHONE) values (59,0,to_date('24/09/12','RR/MM/DD'),286500,'ㅇㅇㅇㅇ','ㅇㅇㅇㅇ','ㅇㅇㅇㅇ');
Insert into MAINPROJECT.ORDERS (ORDER_ID,USER_ID,ORDER_DATE,TOTAL_PRICE,ADDRESS,NAME,PHONE) values (60,1,to_date('24/09/12','RR/MM/DD'),252900,'111','111','111');
Insert into MAINPROJECT.ORDERS (ORDER_ID,USER_ID,ORDER_DATE,TOTAL_PRICE,ADDRESS,NAME,PHONE) values (61,1,to_date('24/09/12','RR/MM/DD'),22900,'a','1','a');
Insert into MAINPROJECT.ORDERS (ORDER_ID,USER_ID,ORDER_DATE,TOTAL_PRICE,ADDRESS,NAME,PHONE) values (62,1,to_date('24/09/12','RR/MM/DD'),1172900,'v','v','v');
Insert into MAINPROJECT.ORDERS (ORDER_ID,USER_ID,ORDER_DATE,TOTAL_PRICE,ADDRESS,NAME,PHONE) values (63,3,to_date('24/09/12','RR/MM/DD'),1001200,'bba','bba','bba');
Insert into MAINPROJECT.ORDERS (ORDER_ID,USER_ID,ORDER_DATE,TOTAL_PRICE,ADDRESS,NAME,PHONE) values (64,3,to_date('24/09/13','RR/MM/DD'),61000,'qq','qq','qq');
Insert into MAINPROJECT.ORDERS (ORDER_ID,USER_ID,ORDER_DATE,TOTAL_PRICE,ADDRESS,NAME,PHONE) values (65,3,to_date('24/09/13','RR/MM/DD'),22900,'ww','ww','ww');
Insert into MAINPROJECT.ORDERS (ORDER_ID,USER_ID,ORDER_DATE,TOTAL_PRICE,ADDRESS,NAME,PHONE) values (66,1,to_date('24/09/13','RR/MM/DD'),609900,'qwewqe','qweqwe','qweqwe');
Insert into MAINPROJECT.ORDERS (ORDER_ID,USER_ID,ORDER_DATE,TOTAL_PRICE,ADDRESS,NAME,PHONE) values (67,3,to_date('24/09/13','RR/MM/DD'),315900,'va','va','va');
Insert into MAINPROJECT.ORDERS (ORDER_ID,USER_ID,ORDER_DATE,TOTAL_PRICE,ADDRESS,NAME,PHONE) values (68,3,to_date('24/09/13','RR/MM/DD'),68900,'v2','v2','v2');
Insert into MAINPROJECT.ORDERS (ORDER_ID,USER_ID,ORDER_DATE,TOTAL_PRICE,ADDRESS,NAME,PHONE) values (69,3,to_date('24/09/13','RR/MM/DD'),469600,'aasd','aasd','aasd');
REM INSERTING into MAINPROJECT.ORDER_ITEMS
SET DEFINE OFF;
Insert into MAINPROJECT.ORDER_ITEMS (ORDER_ITEM_ID,ORDER_ID,PRODUCT_ID,QUANTITY,PRICE) values (10,47,1,1,50000);
Insert into MAINPROJECT.ORDER_ITEMS (ORDER_ITEM_ID,ORDER_ID,PRODUCT_ID,QUANTITY,PRICE) values (11,47,2,1,30000);
Insert into MAINPROJECT.ORDER_ITEMS (ORDER_ITEM_ID,ORDER_ID,PRODUCT_ID,QUANTITY,PRICE) values (12,47,3,1,5000);
Insert into MAINPROJECT.ORDER_ITEMS (ORDER_ITEM_ID,ORDER_ID,PRODUCT_ID,QUANTITY,PRICE) values (13,48,1,2,50000);
Insert into MAINPROJECT.ORDER_ITEMS (ORDER_ITEM_ID,ORDER_ID,PRODUCT_ID,QUANTITY,PRICE) values (14,48,2,2,30000);
Insert into MAINPROJECT.ORDER_ITEMS (ORDER_ITEM_ID,ORDER_ID,PRODUCT_ID,QUANTITY,PRICE) values (15,48,3,4,5000);
Insert into MAINPROJECT.ORDER_ITEMS (ORDER_ITEM_ID,ORDER_ID,PRODUCT_ID,QUANTITY,PRICE) values (16,49,1,5,50000);
Insert into MAINPROJECT.ORDER_ITEMS (ORDER_ITEM_ID,ORDER_ID,PRODUCT_ID,QUANTITY,PRICE) values (17,49,2,5,30000);
Insert into MAINPROJECT.ORDER_ITEMS (ORDER_ITEM_ID,ORDER_ID,PRODUCT_ID,QUANTITY,PRICE) values (18,49,3,5,5000);
Insert into MAINPROJECT.ORDER_ITEMS (ORDER_ITEM_ID,ORDER_ID,PRODUCT_ID,QUANTITY,PRICE) values (19,50,1,1,50000);
Insert into MAINPROJECT.ORDER_ITEMS (ORDER_ITEM_ID,ORDER_ID,PRODUCT_ID,QUANTITY,PRICE) values (20,50,2,4,30000);
Insert into MAINPROJECT.ORDER_ITEMS (ORDER_ITEM_ID,ORDER_ID,PRODUCT_ID,QUANTITY,PRICE) values (21,50,3,2,5000);
Insert into MAINPROJECT.ORDER_ITEMS (ORDER_ITEM_ID,ORDER_ID,PRODUCT_ID,QUANTITY,PRICE) values (22,51,1,6,50000);
Insert into MAINPROJECT.ORDER_ITEMS (ORDER_ITEM_ID,ORDER_ID,PRODUCT_ID,QUANTITY,PRICE) values (23,51,2,2,30000);
Insert into MAINPROJECT.ORDER_ITEMS (ORDER_ITEM_ID,ORDER_ID,PRODUCT_ID,QUANTITY,PRICE) values (24,51,3,3,5000);
Insert into MAINPROJECT.ORDER_ITEMS (ORDER_ITEM_ID,ORDER_ID,PRODUCT_ID,QUANTITY,PRICE) values (25,52,1,6,300000);
Insert into MAINPROJECT.ORDER_ITEMS (ORDER_ITEM_ID,ORDER_ID,PRODUCT_ID,QUANTITY,PRICE) values (26,52,2,2,60000);
Insert into MAINPROJECT.ORDER_ITEMS (ORDER_ITEM_ID,ORDER_ID,PRODUCT_ID,QUANTITY,PRICE) values (27,52,3,3,15000);
Insert into MAINPROJECT.ORDER_ITEMS (ORDER_ITEM_ID,ORDER_ID,PRODUCT_ID,QUANTITY,PRICE) values (28,53,1,2,100000);
Insert into MAINPROJECT.ORDER_ITEMS (ORDER_ITEM_ID,ORDER_ID,PRODUCT_ID,QUANTITY,PRICE) values (29,53,2,1,30000);
Insert into MAINPROJECT.ORDER_ITEMS (ORDER_ITEM_ID,ORDER_ID,PRODUCT_ID,QUANTITY,PRICE) values (30,53,3,3,15000);
Insert into MAINPROJECT.ORDER_ITEMS (ORDER_ITEM_ID,ORDER_ID,PRODUCT_ID,QUANTITY,PRICE) values (31,54,6,1,37800);
Insert into MAINPROJECT.ORDER_ITEMS (ORDER_ITEM_ID,ORDER_ID,PRODUCT_ID,QUANTITY,PRICE) values (32,54,7,1,58000);
Insert into MAINPROJECT.ORDER_ITEMS (ORDER_ITEM_ID,ORDER_ID,PRODUCT_ID,QUANTITY,PRICE) values (33,56,3,1,689000);
Insert into MAINPROJECT.ORDER_ITEMS (ORDER_ITEM_ID,ORDER_ID,PRODUCT_ID,QUANTITY,PRICE) values (34,57,11,2,184000);
Insert into MAINPROJECT.ORDER_ITEMS (ORDER_ITEM_ID,ORDER_ID,PRODUCT_ID,QUANTITY,PRICE) values (35,61,1,1,19900);
Insert into MAINPROJECT.ORDER_ITEMS (ORDER_ITEM_ID,ORDER_ID,PRODUCT_ID,QUANTITY,PRICE) values (36,65,1,1,19900);
Insert into MAINPROJECT.ORDER_ITEMS (ORDER_ITEM_ID,ORDER_ID,PRODUCT_ID,QUANTITY,PRICE) values (37,67,2,1,65900);
Insert into MAINPROJECT.ORDER_ITEMS (ORDER_ITEM_ID,ORDER_ID,PRODUCT_ID,QUANTITY,PRICE) values (38,67,7,1,58000);
Insert into MAINPROJECT.ORDER_ITEMS (ORDER_ITEM_ID,ORDER_ID,PRODUCT_ID,QUANTITY,PRICE) values (39,67,15,1,189000);
Insert into MAINPROJECT.ORDER_ITEMS (ORDER_ITEM_ID,ORDER_ID,PRODUCT_ID,QUANTITY,PRICE) values (40,68,2,1,65900);
Insert into MAINPROJECT.ORDER_ITEMS (ORDER_ITEM_ID,ORDER_ID,PRODUCT_ID,QUANTITY,PRICE) values (41,69,5,2,21900);
Insert into MAINPROJECT.ORDER_ITEMS (ORDER_ITEM_ID,ORDER_ID,PRODUCT_ID,QUANTITY,PRICE) values (42,69,6,1,37800);
Insert into MAINPROJECT.ORDER_ITEMS (ORDER_ITEM_ID,ORDER_ID,PRODUCT_ID,QUANTITY,PRICE) values (43,69,7,1,58000);
Insert into MAINPROJECT.ORDER_ITEMS (ORDER_ITEM_ID,ORDER_ID,PRODUCT_ID,QUANTITY,PRICE) values (44,69,8,3,109000);
REM INSERTING into MAINPROJECT.PRODUCTS
SET DEFINE OFF;
Insert into MAINPROJECT.PRODUCTS (PRODUCT_ID,PRODUCT_NAME,CATEGORY_ID,PRICE,STOCK_QUANTITY,IMAGE_URL) values (1,'로지텍G102',1,19900,10,'로지텍G102.jpg');
Insert into MAINPROJECT.PRODUCTS (PRODUCT_ID,PRODUCT_NAME,CATEGORY_ID,PRICE,STOCK_QUANTITY,IMAGE_URL) values (2,'AULA F99 PRO',2,65900,100,'2.jpg');
Insert into MAINPROJECT.PRODUCTS (PRODUCT_ID,PRODUCT_NAME,CATEGORY_ID,PRICE,STOCK_QUANTITY,IMAGE_URL) values (3,'DELL UltraSharp U2723QE',3,689000,100,'DELL UltraSharp U2723QE.jpg');
Insert into MAINPROJECT.PRODUCTS (PRODUCT_ID,PRODUCT_NAME,CATEGORY_ID,PRICE,STOCK_QUANTITY,IMAGE_URL) values (4,'Razer DeathAdder V2 Pro',1,78000,100,'4.jpg');
Insert into MAINPROJECT.PRODUCTS (PRODUCT_ID,PRODUCT_NAME,CATEGORY_ID,PRICE,STOCK_QUANTITY,IMAGE_URL) values (5,'MAXTILL MAXTILL TRON G10',1,21900,100,'5.jpg');
Insert into MAINPROJECT.PRODUCTS (PRODUCT_ID,PRODUCT_NAME,CATEGORY_ID,PRICE,STOCK_QUANTITY,IMAGE_URL) values (6,'로지텍 코리아 G304 무선 마우스',1,37800,100,'6.jpg');
Insert into MAINPROJECT.PRODUCTS (PRODUCT_ID,PRODUCT_NAME,CATEGORY_ID,PRICE,STOCK_QUANTITY,IMAGE_URL) values (7,'앱코(ABKO) AN06F TKL PBT 게이밍 기계식 키보드',2,58000,100,'7.jpg');
Insert into MAINPROJECT.PRODUCTS (PRODUCT_ID,PRODUCT_NAME,CATEGORY_ID,PRICE,STOCK_QUANTITY,IMAGE_URL) values (8,'체리 MX BOARD 3.0S WIRELESS RGB (저소음 적축) 키보드',2,109000,100,'8.jpg');
Insert into MAINPROJECT.PRODUCTS (PRODUCT_ID,PRODUCT_NAME,CATEGORY_ID,PRICE,STOCK_QUANTITY,IMAGE_URL) values (9,'한성컴퓨터 TFG30F20W 울트라와이드 리얼 200 게이밍 무결점',3,279000,100,'9.jpg');
Insert into MAINPROJECT.PRODUCTS (PRODUCT_ID,PRODUCT_NAME,CATEGORY_ID,PRICE,STOCK_QUANTITY,IMAGE_URL) values (10,'삼성전자 커브드 C32R500 32인치 베젤리스 LED 컴퓨터 모니터',3,249000,100,'10.jpg');
Insert into MAINPROJECT.PRODUCTS (PRODUCT_ID,PRODUCT_NAME,CATEGORY_ID,PRICE,STOCK_QUANTITY,IMAGE_URL) values (11,'LG전자 24MP58VQ 24인치모니터 IPS패널',3,184000,100,'11.jpg');
Insert into MAINPROJECT.PRODUCTS (PRODUCT_ID,PRODUCT_NAME,CATEGORY_ID,PRICE,STOCK_QUANTITY,IMAGE_URL) values (12,'APC930 QHD 웹캠 | ABKO',4,61800,100,'12.jpg');
Insert into MAINPROJECT.PRODUCTS (PRODUCT_ID,PRODUCT_NAME,CATEGORY_ID,PRICE,STOCK_QUANTITY,IMAGE_URL) values (13,'브리츠 BZ-MS2000 2채널 PC 컴퓨터 스피커',5,32900,100,'13.jpg');
Insert into MAINPROJECT.PRODUCTS (PRODUCT_ID,PRODUCT_NAME,CATEGORY_ID,PRICE,STOCK_QUANTITY,IMAGE_URL) values (14,'COX CH50 가상 7.1채널 RGB 게이밍 헤드셋',6,27900,100,'14.jpg');
Insert into MAINPROJECT.PRODUCTS (PRODUCT_ID,PRODUCT_NAME,CATEGORY_ID,PRICE,STOCK_QUANTITY,IMAGE_URL) values (15,'[로지텍코리아] 유선 게이밍 헤드셋 G Pro X',6,189000,100,'15.jpg');
REM INSERTING into MAINPROJECT.PRODUCT_DESCRIPTIONS
SET DEFINE OFF;
REM INSERTING into MAINPROJECT.USERS
SET DEFINE OFF;
Insert into MAINPROJECT.USERS (USER_ID,USERNAME,EMAIL,PASSWORD,PHONE_NUMBER) values (3,'test3','test3@a.a','4321','phone3');
Insert into MAINPROJECT.USERS (USER_ID,USERNAME,EMAIL,PASSWORD,PHONE_NUMBER) values (1,'test1','test1@a.a','1234','phone1');
Insert into MAINPROJECT.USERS (USER_ID,USERNAME,EMAIL,PASSWORD,PHONE_NUMBER) values (0,'lyw','lyw@naver.com','1234','01011111111');
Insert into MAINPROJECT.USERS (USER_ID,USERNAME,EMAIL,PASSWORD,PHONE_NUMBER) values (2,'test2','test2@a.a','1234','phone2');
REM INSERTING into MAINPROJECT.USER_VIEWS
SET DEFINE OFF;
--------------------------------------------------------
--  DDL for Trigger TRG_BEFORE_INSERT_ORDERS
--------------------------------------------------------

  CREATE OR REPLACE TRIGGER "MAINPROJECT"."TRG_BEFORE_INSERT_ORDERS" 
BEFORE INSERT ON orders
FOR EACH ROW
BEGIN
  IF :new.order_id IS NULL THEN
    SELECT order_seq.NEXTVAL
    INTO :new.order_id
    FROM dual;
  END IF;
END;
/
ALTER TRIGGER "MAINPROJECT"."TRG_BEFORE_INSERT_ORDERS" ENABLE;
--------------------------------------------------------
--  DDL for Trigger TRG_BEFORE_INSERT_USERS
--------------------------------------------------------

  CREATE OR REPLACE TRIGGER "MAINPROJECT"."TRG_BEFORE_INSERT_USERS" 
BEFORE INSERT ON USERS
FOR EACH ROW
BEGIN
    IF :NEW.USER_ID IS NULL THEN
        SELECT user_id_seq.NEXTVAL
        INTO :NEW.USER_ID
        FROM dual;
    END IF;
END;



/
ALTER TRIGGER "MAINPROJECT"."TRG_BEFORE_INSERT_USERS" ENABLE;
--------------------------------------------------------
--  Constraints for Table ORDER_ITEMS
--------------------------------------------------------

  ALTER TABLE "MAINPROJECT"."ORDER_ITEMS" MODIFY ("ORDER_ID" NOT NULL ENABLE);
  ALTER TABLE "MAINPROJECT"."ORDER_ITEMS" MODIFY ("PRODUCT_ID" NOT NULL ENABLE);
  ALTER TABLE "MAINPROJECT"."ORDER_ITEMS" MODIFY ("PRICE" NOT NULL ENABLE);
  ALTER TABLE "MAINPROJECT"."ORDER_ITEMS" ADD PRIMARY KEY ("ORDER_ITEM_ID")
  USING INDEX PCTFREE 10 INITRANS 2 MAXTRANS 255 COMPUTE STATISTICS 
  STORAGE(INITIAL 65536 NEXT 1048576 MINEXTENTS 1 MAXEXTENTS 2147483645
  PCTINCREASE 0 FREELISTS 1 FREELIST GROUPS 1 BUFFER_POOL DEFAULT FLASH_CACHE DEFAULT CELL_FLASH_CACHE DEFAULT)
  TABLESPACE "SYSTEM"  ENABLE;
--------------------------------------------------------
--  Constraints for Table USERS
--------------------------------------------------------

  ALTER TABLE "MAINPROJECT"."USERS" MODIFY ("USERNAME" NOT NULL ENABLE);
  ALTER TABLE "MAINPROJECT"."USERS" MODIFY ("EMAIL" NOT NULL ENABLE);
  ALTER TABLE "MAINPROJECT"."USERS" MODIFY ("PASSWORD" NOT NULL ENABLE);
  ALTER TABLE "MAINPROJECT"."USERS" ADD PRIMARY KEY ("USER_ID")
  USING INDEX PCTFREE 10 INITRANS 2 MAXTRANS 255 COMPUTE STATISTICS 
  STORAGE(INITIAL 65536 NEXT 1048576 MINEXTENTS 1 MAXEXTENTS 2147483645
  PCTINCREASE 0 FREELISTS 1 FREELIST GROUPS 1 BUFFER_POOL DEFAULT FLASH_CACHE DEFAULT CELL_FLASH_CACHE DEFAULT)
  TABLESPACE "SYSTEM"  ENABLE;
  ALTER TABLE "MAINPROJECT"."USERS" ADD UNIQUE ("EMAIL")
  USING INDEX PCTFREE 10 INITRANS 2 MAXTRANS 255 COMPUTE STATISTICS 
  STORAGE(INITIAL 65536 NEXT 1048576 MINEXTENTS 1 MAXEXTENTS 2147483645
  PCTINCREASE 0 FREELISTS 1 FREELIST GROUPS 1 BUFFER_POOL DEFAULT FLASH_CACHE DEFAULT CELL_FLASH_CACHE DEFAULT)
  TABLESPACE "SYSTEM"  ENABLE;
--------------------------------------------------------
--  Constraints for Table CART_HISTORY
--------------------------------------------------------

  ALTER TABLE "MAINPROJECT"."CART_HISTORY" MODIFY ("USER_ID" NOT NULL ENABLE);
  ALTER TABLE "MAINPROJECT"."CART_HISTORY" MODIFY ("PRODUCT_ID" NOT NULL ENABLE);
  ALTER TABLE "MAINPROJECT"."CART_HISTORY" ADD CHECK (ACTION IN ('ADD', 'REMOVE')) ENABLE;
  ALTER TABLE "MAINPROJECT"."CART_HISTORY" ADD PRIMARY KEY ("CART_HISTORY_ID")
  USING INDEX PCTFREE 10 INITRANS 2 MAXTRANS 255 COMPUTE STATISTICS 
  STORAGE(INITIAL 65536 NEXT 1048576 MINEXTENTS 1 MAXEXTENTS 2147483645
  PCTINCREASE 0 FREELISTS 1 FREELIST GROUPS 1 BUFFER_POOL DEFAULT FLASH_CACHE DEFAULT CELL_FLASH_CACHE DEFAULT)
  TABLESPACE "SYSTEM"  ENABLE;
--------------------------------------------------------
--  Constraints for Table ORDERS
--------------------------------------------------------

  ALTER TABLE "MAINPROJECT"."ORDERS" MODIFY ("USER_ID" NOT NULL ENABLE);
  ALTER TABLE "MAINPROJECT"."ORDERS" ADD PRIMARY KEY ("ORDER_ID")
  USING INDEX PCTFREE 10 INITRANS 2 MAXTRANS 255 COMPUTE STATISTICS 
  STORAGE(INITIAL 65536 NEXT 1048576 MINEXTENTS 1 MAXEXTENTS 2147483645
  PCTINCREASE 0 FREELISTS 1 FREELIST GROUPS 1 BUFFER_POOL DEFAULT FLASH_CACHE DEFAULT CELL_FLASH_CACHE DEFAULT)
  TABLESPACE "SYSTEM"  ENABLE;
--------------------------------------------------------
--  Constraints for Table PRODUCTS
--------------------------------------------------------

  ALTER TABLE "MAINPROJECT"."PRODUCTS" MODIFY ("PRODUCT_NAME" NOT NULL ENABLE);
  ALTER TABLE "MAINPROJECT"."PRODUCTS" MODIFY ("PRICE" NOT NULL ENABLE);
  ALTER TABLE "MAINPROJECT"."PRODUCTS" ADD PRIMARY KEY ("PRODUCT_ID")
  USING INDEX PCTFREE 10 INITRANS 2 MAXTRANS 255 COMPUTE STATISTICS 
  STORAGE(INITIAL 65536 NEXT 1048576 MINEXTENTS 1 MAXEXTENTS 2147483645
  PCTINCREASE 0 FREELISTS 1 FREELIST GROUPS 1 BUFFER_POOL DEFAULT FLASH_CACHE DEFAULT CELL_FLASH_CACHE DEFAULT)
  TABLESPACE "SYSTEM"  ENABLE;
--------------------------------------------------------
--  Constraints for Table CART_ITEMS
--------------------------------------------------------

  ALTER TABLE "MAINPROJECT"."CART_ITEMS" ADD PRIMARY KEY ("USER_ID", "PRODUCT_ID")
  USING INDEX PCTFREE 10 INITRANS 2 MAXTRANS 255 COMPUTE STATISTICS 
  STORAGE(INITIAL 65536 NEXT 1048576 MINEXTENTS 1 MAXEXTENTS 2147483645
  PCTINCREASE 0 FREELISTS 1 FREELIST GROUPS 1 BUFFER_POOL DEFAULT FLASH_CACHE DEFAULT CELL_FLASH_CACHE DEFAULT)
  TABLESPACE "SYSTEM"  ENABLE;
--------------------------------------------------------
--  Constraints for Table PRODUCT_DESCRIPTIONS
--------------------------------------------------------

  ALTER TABLE "MAINPROJECT"."PRODUCT_DESCRIPTIONS" MODIFY ("PRODUCT_ID" NOT NULL ENABLE);
  ALTER TABLE "MAINPROJECT"."PRODUCT_DESCRIPTIONS" MODIFY ("LANGUAGE" NOT NULL ENABLE);
  ALTER TABLE "MAINPROJECT"."PRODUCT_DESCRIPTIONS" ADD PRIMARY KEY ("DESCRIPTION_ID")
  USING INDEX PCTFREE 10 INITRANS 2 MAXTRANS 255 COMPUTE STATISTICS 
  STORAGE(INITIAL 65536 NEXT 1048576 MINEXTENTS 1 MAXEXTENTS 2147483645
  PCTINCREASE 0 FREELISTS 1 FREELIST GROUPS 1 BUFFER_POOL DEFAULT FLASH_CACHE DEFAULT CELL_FLASH_CACHE DEFAULT)
  TABLESPACE "SYSTEM"  ENABLE;
--------------------------------------------------------
--  Constraints for Table USER_VIEWS
--------------------------------------------------------

  ALTER TABLE "MAINPROJECT"."USER_VIEWS" MODIFY ("USER_ID" NOT NULL ENABLE);
  ALTER TABLE "MAINPROJECT"."USER_VIEWS" MODIFY ("PRODUCT_ID" NOT NULL ENABLE);
  ALTER TABLE "MAINPROJECT"."USER_VIEWS" ADD PRIMARY KEY ("VIEW_ID")
  USING INDEX PCTFREE 10 INITRANS 2 MAXTRANS 255 COMPUTE STATISTICS 
  STORAGE(INITIAL 65536 NEXT 1048576 MINEXTENTS 1 MAXEXTENTS 2147483645
  PCTINCREASE 0 FREELISTS 1 FREELIST GROUPS 1 BUFFER_POOL DEFAULT FLASH_CACHE DEFAULT CELL_FLASH_CACHE DEFAULT)
  TABLESPACE "SYSTEM"  ENABLE;
--------------------------------------------------------
--  Constraints for Table CATEGORIES
--------------------------------------------------------

  ALTER TABLE "MAINPROJECT"."CATEGORIES" MODIFY ("CATEGORY_NAME" NOT NULL ENABLE);
  ALTER TABLE "MAINPROJECT"."CATEGORIES" ADD PRIMARY KEY ("CATEGORY_ID")
  USING INDEX PCTFREE 10 INITRANS 2 MAXTRANS 255 COMPUTE STATISTICS 
  STORAGE(INITIAL 65536 NEXT 1048576 MINEXTENTS 1 MAXEXTENTS 2147483645
  PCTINCREASE 0 FREELISTS 1 FREELIST GROUPS 1 BUFFER_POOL DEFAULT FLASH_CACHE DEFAULT CELL_FLASH_CACHE DEFAULT)
  TABLESPACE "SYSTEM"  ENABLE;
--------------------------------------------------------
--  Ref Constraints for Table CART_HISTORY
--------------------------------------------------------

  ALTER TABLE "MAINPROJECT"."CART_HISTORY" ADD FOREIGN KEY ("USER_ID")
	  REFERENCES "MAINPROJECT"."USERS" ("USER_ID") ENABLE;
  ALTER TABLE "MAINPROJECT"."CART_HISTORY" ADD FOREIGN KEY ("PRODUCT_ID")
	  REFERENCES "MAINPROJECT"."PRODUCTS" ("PRODUCT_ID") ENABLE;
--------------------------------------------------------
--  Ref Constraints for Table CART_ITEMS
--------------------------------------------------------

  ALTER TABLE "MAINPROJECT"."CART_ITEMS" ADD CONSTRAINT "FK_PRODUCT_ID" FOREIGN KEY ("PRODUCT_ID")
	  REFERENCES "MAINPROJECT"."PRODUCTS" ("PRODUCT_ID") ENABLE;
  ALTER TABLE "MAINPROJECT"."CART_ITEMS" ADD CONSTRAINT "FK_USER_ID" FOREIGN KEY ("USER_ID")
	  REFERENCES "MAINPROJECT"."USERS" ("USER_ID") ENABLE;
--------------------------------------------------------
--  Ref Constraints for Table ORDERS
--------------------------------------------------------

  ALTER TABLE "MAINPROJECT"."ORDERS" ADD FOREIGN KEY ("USER_ID")
	  REFERENCES "MAINPROJECT"."USERS" ("USER_ID") ENABLE;
--------------------------------------------------------
--  Ref Constraints for Table ORDER_ITEMS
--------------------------------------------------------

  ALTER TABLE "MAINPROJECT"."ORDER_ITEMS" ADD FOREIGN KEY ("ORDER_ID")
	  REFERENCES "MAINPROJECT"."ORDERS" ("ORDER_ID") ENABLE;
  ALTER TABLE "MAINPROJECT"."ORDER_ITEMS" ADD FOREIGN KEY ("PRODUCT_ID")
	  REFERENCES "MAINPROJECT"."PRODUCTS" ("PRODUCT_ID") ENABLE;
--------------------------------------------------------
--  Ref Constraints for Table PRODUCTS
--------------------------------------------------------

  ALTER TABLE "MAINPROJECT"."PRODUCTS" ADD FOREIGN KEY ("CATEGORY_ID")
	  REFERENCES "MAINPROJECT"."CATEGORIES" ("CATEGORY_ID") ENABLE;
--------------------------------------------------------
--  Ref Constraints for Table PRODUCT_DESCRIPTIONS
--------------------------------------------------------

  ALTER TABLE "MAINPROJECT"."PRODUCT_DESCRIPTIONS" ADD FOREIGN KEY ("PRODUCT_ID")
	  REFERENCES "MAINPROJECT"."PRODUCTS" ("PRODUCT_ID") ENABLE;
--------------------------------------------------------
--  Ref Constraints for Table USER_VIEWS
--------------------------------------------------------

  ALTER TABLE "MAINPROJECT"."USER_VIEWS" ADD FOREIGN KEY ("USER_ID")
	  REFERENCES "MAINPROJECT"."USERS" ("USER_ID") ENABLE;
  ALTER TABLE "MAINPROJECT"."USER_VIEWS" ADD FOREIGN KEY ("PRODUCT_ID")
	  REFERENCES "MAINPROJECT"."PRODUCTS" ("PRODUCT_ID") ENABLE;
