--------------------------------------------------------
--  파일이 생성됨 - 화요일-9월-24-2024   
--------------------------------------------------------
--------------------------------------------------------
--  DDL for Sequence CART_HISTORY_SEQ
--------------------------------------------------------

   CREATE SEQUENCE  "MAINPROJECT"."CART_HISTORY_SEQ"  MINVALUE 1 MAXVALUE 9999999999999999999999999999 INCREMENT BY 1 START WITH 13 NOCACHE  NOORDER  NOCYCLE ;
--------------------------------------------------------
--  DDL for Sequence ORDER_ID_SEQ
--------------------------------------------------------

   CREATE SEQUENCE  "MAINPROJECT"."ORDER_ID_SEQ"  MINVALUE 1 MAXVALUE 9999999999999999999999999999 INCREMENT BY 1 START WITH 51 NOCACHE  NOORDER  NOCYCLE ;
--------------------------------------------------------
--  DDL for Sequence ORDER_SEQ
--------------------------------------------------------

   CREATE SEQUENCE  "MAINPROJECT"."ORDER_SEQ"  MINVALUE 1 MAXVALUE 9999999999999999999999999999 INCREMENT BY 1 START WITH 73 NOCACHE  NOORDER  NOCYCLE ;
--------------------------------------------------------
--  DDL for Sequence PRODUCT_SEQ
--------------------------------------------------------

   CREATE SEQUENCE  "MAINPROJECT"."PRODUCT_SEQ"  MINVALUE 1 MAXVALUE 9999999999999999999999999999 INCREMENT BY 1 START WITH 31 NOCACHE  NOORDER  NOCYCLE ;
--------------------------------------------------------
--  DDL for Sequence USER_ID_SEQ
--------------------------------------------------------

   CREATE SEQUENCE  "MAINPROJECT"."USER_ID_SEQ"  MINVALUE 1 MAXVALUE 9999999999999999999999999999 INCREMENT BY 1 START WITH 7 NOCACHE  NOORDER  NOCYCLE ;
--------------------------------------------------------
--  DDL for Sequence USER_VIEW_SEQ
--------------------------------------------------------

   CREATE SEQUENCE  "MAINPROJECT"."USER_VIEW_SEQ"  MINVALUE 1 MAXVALUE 9999999999999999999999999999 INCREMENT BY 1 START WITH 35 NOCACHE  NOORDER  NOCYCLE ;
--------------------------------------------------------
--  DDL for Table CART_HISTORY
--------------------------------------------------------

  CREATE TABLE "MAINPROJECT"."CART_HISTORY" 
   (	"CART_HISTORY_ID" NUMBER, 
	"USER_ID" NUMBER, 
	"PRODUCT_ID" NUMBER, 
	"ACTION" VARCHAR2(10 BYTE), 
	"ACTION_DATE" DATE DEFAULT SYSDATE
   ) SEGMENT CREATION IMMEDIATE 
  PCTFREE 10 PCTUSED 40 INITRANS 1 MAXTRANS 255 NOCOMPRESS LOGGING
  STORAGE(INITIAL 65536 NEXT 1048576 MINEXTENTS 1 MAXEXTENTS 2147483645
  PCTINCREASE 0 FREELISTS 1 FREELIST GROUPS 1 BUFFER_POOL DEFAULT FLASH_CACHE DEFAULT CELL_FLASH_CACHE DEFAULT)
  TABLESPACE "SYSTEM" ;
--------------------------------------------------------
--  DDL for Table CART_ITEMS
--------------------------------------------------------

  CREATE TABLE "MAINPROJECT"."CART_ITEMS" 
   (	"USER_ID" NUMBER, 
	"PRODUCT_ID" NUMBER, 
	"QUANTITY" NUMBER DEFAULT 1, 
	"PRICE" NUMBER
   ) SEGMENT CREATION IMMEDIATE 
  PCTFREE 10 PCTUSED 40 INITRANS 1 MAXTRANS 255 NOCOMPRESS LOGGING
  STORAGE(INITIAL 65536 NEXT 1048576 MINEXTENTS 1 MAXEXTENTS 2147483645
  PCTINCREASE 0 FREELISTS 1 FREELIST GROUPS 1 BUFFER_POOL DEFAULT FLASH_CACHE DEFAULT CELL_FLASH_CACHE DEFAULT)
  TABLESPACE "SYSTEM" ;
--------------------------------------------------------
--  DDL for Table CATEGORIES
--------------------------------------------------------

  CREATE TABLE "MAINPROJECT"."CATEGORIES" 
   (	"CATEGORY_ID" NUMBER, 
	"CATEGORY_NAME" VARCHAR2(100 BYTE)
   ) SEGMENT CREATION IMMEDIATE 
  PCTFREE 10 PCTUSED 40 INITRANS 1 MAXTRANS 255 NOCOMPRESS LOGGING
  STORAGE(INITIAL 65536 NEXT 1048576 MINEXTENTS 1 MAXEXTENTS 2147483645
  PCTINCREASE 0 FREELISTS 1 FREELIST GROUPS 1 BUFFER_POOL DEFAULT FLASH_CACHE DEFAULT CELL_FLASH_CACHE DEFAULT)
  TABLESPACE "SYSTEM" ;
--------------------------------------------------------
--  DDL for Table ORDERS
--------------------------------------------------------

  CREATE TABLE "MAINPROJECT"."ORDERS" 
   (	"ORDER_ID" NUMBER, 
	"USER_ID" NUMBER, 
	"ORDER_DATE" DATE DEFAULT SYSDATE, 
	"TOTAL_PRICE" NUMBER, 
	"ADDRESS" VARCHAR2(100 BYTE), 
	"NAME" VARCHAR2(255 BYTE), 
	"PHONE" VARCHAR2(255 BYTE)
   ) SEGMENT CREATION IMMEDIATE 
  PCTFREE 10 PCTUSED 40 INITRANS 1 MAXTRANS 255 NOCOMPRESS LOGGING
  STORAGE(INITIAL 65536 NEXT 1048576 MINEXTENTS 1 MAXEXTENTS 2147483645
  PCTINCREASE 0 FREELISTS 1 FREELIST GROUPS 1 BUFFER_POOL DEFAULT FLASH_CACHE DEFAULT CELL_FLASH_CACHE DEFAULT)
  TABLESPACE "SYSTEM" ;
--------------------------------------------------------
--  DDL for Table ORDER_ITEMS
--------------------------------------------------------

  CREATE TABLE "MAINPROJECT"."ORDER_ITEMS" 
   (	"ORDER_ITEM_ID" NUMBER, 
	"ORDER_ID" NUMBER, 
	"PRODUCT_ID" NUMBER, 
	"QUANTITY" NUMBER DEFAULT 1, 
	"PRICE" NUMBER
   ) SEGMENT CREATION IMMEDIATE 
  PCTFREE 10 PCTUSED 40 INITRANS 1 MAXTRANS 255 NOCOMPRESS LOGGING
  STORAGE(INITIAL 65536 NEXT 1048576 MINEXTENTS 1 MAXEXTENTS 2147483645
  PCTINCREASE 0 FREELISTS 1 FREELIST GROUPS 1 BUFFER_POOL DEFAULT FLASH_CACHE DEFAULT CELL_FLASH_CACHE DEFAULT)
  TABLESPACE "SYSTEM" ;
--------------------------------------------------------
--  DDL for Table PRODUCTS
--------------------------------------------------------

  CREATE TABLE "MAINPROJECT"."PRODUCTS" 
   (	"PRODUCT_ID" NUMBER, 
	"PRODUCT_NAME" VARCHAR2(255 BYTE), 
	"CATEGORY_ID" NUMBER, 
	"PRICE" NUMBER, 
	"STOCK_QUANTITY" NUMBER DEFAULT 0, 
	"IMAGE_URL" VARCHAR2(255 BYTE), 
	"BRAND" VARCHAR2(200 BYTE)
   ) SEGMENT CREATION IMMEDIATE 
  PCTFREE 10 PCTUSED 40 INITRANS 1 MAXTRANS 255 NOCOMPRESS LOGGING
  STORAGE(INITIAL 65536 NEXT 1048576 MINEXTENTS 1 MAXEXTENTS 2147483645
  PCTINCREASE 0 FREELISTS 1 FREELIST GROUPS 1 BUFFER_POOL DEFAULT FLASH_CACHE DEFAULT CELL_FLASH_CACHE DEFAULT)
  TABLESPACE "SYSTEM" ;
--------------------------------------------------------
--  DDL for Table PRODUCT_DESCRIPTIONS
--------------------------------------------------------

  CREATE TABLE "MAINPROJECT"."PRODUCT_DESCRIPTIONS" 
   (	"DESCRIPTION_ID" NUMBER, 
	"PRODUCT_ID" NUMBER, 
	"LANGUAGE" VARCHAR2(10 BYTE), 
	"DESCRIPTION" VARCHAR2(2000 BYTE)
   ) SEGMENT CREATION IMMEDIATE 
  PCTFREE 10 PCTUSED 40 INITRANS 1 MAXTRANS 255 NOCOMPRESS LOGGING
  STORAGE(INITIAL 65536 NEXT 1048576 MINEXTENTS 1 MAXEXTENTS 2147483645
  PCTINCREASE 0 FREELISTS 1 FREELIST GROUPS 1 BUFFER_POOL DEFAULT FLASH_CACHE DEFAULT CELL_FLASH_CACHE DEFAULT)
  TABLESPACE "SYSTEM" ;
--------------------------------------------------------
--  DDL for Table USERS
--------------------------------------------------------

  CREATE TABLE "MAINPROJECT"."USERS" 
   (	"USER_ID" NUMBER, 
	"USERNAME" VARCHAR2(100 BYTE), 
	"EMAIL" VARCHAR2(255 BYTE), 
	"PASSWORD" VARCHAR2(255 BYTE), 
	"PHONE_NUMBER" VARCHAR2(20 BYTE), 
	"GRADE" VARCHAR2(20 BYTE)
   ) SEGMENT CREATION IMMEDIATE 
  PCTFREE 10 PCTUSED 40 INITRANS 1 MAXTRANS 255 NOCOMPRESS LOGGING
  STORAGE(INITIAL 65536 NEXT 1048576 MINEXTENTS 1 MAXEXTENTS 2147483645
  PCTINCREASE 0 FREELISTS 1 FREELIST GROUPS 1 BUFFER_POOL DEFAULT FLASH_CACHE DEFAULT CELL_FLASH_CACHE DEFAULT)
  TABLESPACE "SYSTEM" ;
--------------------------------------------------------
--  DDL for Table USER_VIEWS
--------------------------------------------------------

  CREATE TABLE "MAINPROJECT"."USER_VIEWS" 
   (	"VIEW_ID" NUMBER, 
	"USER_ID" NUMBER, 
	"PRODUCT_ID" NUMBER, 
	"VIEWED_AT" DATE DEFAULT SYSDATE
   ) SEGMENT CREATION IMMEDIATE 
  PCTFREE 10 PCTUSED 40 INITRANS 1 MAXTRANS 255 NOCOMPRESS LOGGING
  STORAGE(INITIAL 65536 NEXT 1048576 MINEXTENTS 1 MAXEXTENTS 2147483645
  PCTINCREASE 0 FREELISTS 1 FREELIST GROUPS 1 BUFFER_POOL DEFAULT FLASH_CACHE DEFAULT CELL_FLASH_CACHE DEFAULT)
  TABLESPACE "SYSTEM" ;
REM INSERTING into MAINPROJECT.CART_HISTORY
SET DEFINE OFF;
Insert into MAINPROJECT.CART_HISTORY (CART_HISTORY_ID,USER_ID,PRODUCT_ID,ACTION,ACTION_DATE) values (1,3,11,'ADD',to_date('24/09/19','RR/MM/DD'));
Insert into MAINPROJECT.CART_HISTORY (CART_HISTORY_ID,USER_ID,PRODUCT_ID,ACTION,ACTION_DATE) values (2,3,11,'REMOVE',to_date('24/09/19','RR/MM/DD'));
Insert into MAINPROJECT.CART_HISTORY (CART_HISTORY_ID,USER_ID,PRODUCT_ID,ACTION,ACTION_DATE) values (3,1,2,'ADD',to_date('24/09/23','RR/MM/DD'));
Insert into MAINPROJECT.CART_HISTORY (CART_HISTORY_ID,USER_ID,PRODUCT_ID,ACTION,ACTION_DATE) values (4,1,9,'ADD',to_date('24/09/23','RR/MM/DD'));
Insert into MAINPROJECT.CART_HISTORY (CART_HISTORY_ID,USER_ID,PRODUCT_ID,ACTION,ACTION_DATE) values (5,5,7,'ADD',to_date('24/09/23','RR/MM/DD'));
Insert into MAINPROJECT.CART_HISTORY (CART_HISTORY_ID,USER_ID,PRODUCT_ID,ACTION,ACTION_DATE) values (6,5,11,'ADD',to_date('24/09/23','RR/MM/DD'));
Insert into MAINPROJECT.CART_HISTORY (CART_HISTORY_ID,USER_ID,PRODUCT_ID,ACTION,ACTION_DATE) values (7,5,11,'REMOVE',to_date('24/09/23','RR/MM/DD'));
Insert into MAINPROJECT.CART_HISTORY (CART_HISTORY_ID,USER_ID,PRODUCT_ID,ACTION,ACTION_DATE) values (8,0,1,'REMOVE',to_date('24/09/23','RR/MM/DD'));
Insert into MAINPROJECT.CART_HISTORY (CART_HISTORY_ID,USER_ID,PRODUCT_ID,ACTION,ACTION_DATE) values (9,0,2,'REMOVE',to_date('24/09/23','RR/MM/DD'));
Insert into MAINPROJECT.CART_HISTORY (CART_HISTORY_ID,USER_ID,PRODUCT_ID,ACTION,ACTION_DATE) values (10,0,6,'ADD',to_date('24/09/23','RR/MM/DD'));
Insert into MAINPROJECT.CART_HISTORY (CART_HISTORY_ID,USER_ID,PRODUCT_ID,ACTION,ACTION_DATE) values (11,0,13,'ADD',to_date('24/09/23','RR/MM/DD'));
Insert into MAINPROJECT.CART_HISTORY (CART_HISTORY_ID,USER_ID,PRODUCT_ID,ACTION,ACTION_DATE) values (12,0,6,'ADD',to_date('24/09/23','RR/MM/DD'));
REM INSERTING into MAINPROJECT.CART_ITEMS
SET DEFINE OFF;
Insert into MAINPROJECT.CART_ITEMS (USER_ID,PRODUCT_ID,QUANTITY,PRICE) values (1,4,1,78000);
Insert into MAINPROJECT.CART_ITEMS (USER_ID,PRODUCT_ID,QUANTITY,PRICE) values (5,7,1,58000);
Insert into MAINPROJECT.CART_ITEMS (USER_ID,PRODUCT_ID,QUANTITY,PRICE) values (3,6,1,37800);
Insert into MAINPROJECT.CART_ITEMS (USER_ID,PRODUCT_ID,QUANTITY,PRICE) values (3,5,1,21900);
Insert into MAINPROJECT.CART_ITEMS (USER_ID,PRODUCT_ID,QUANTITY,PRICE) values (0,6,2,37800);
Insert into MAINPROJECT.CART_ITEMS (USER_ID,PRODUCT_ID,QUANTITY,PRICE) values (1,2,1,65900);
Insert into MAINPROJECT.CART_ITEMS (USER_ID,PRODUCT_ID,QUANTITY,PRICE) values (1,9,1,279000);
Insert into MAINPROJECT.CART_ITEMS (USER_ID,PRODUCT_ID,QUANTITY,PRICE) values (3,7,1,58000);
Insert into MAINPROJECT.CART_ITEMS (USER_ID,PRODUCT_ID,QUANTITY,PRICE) values (3,8,1,109000);
Insert into MAINPROJECT.CART_ITEMS (USER_ID,PRODUCT_ID,QUANTITY,PRICE) values (0,13,1,32900);
REM INSERTING into MAINPROJECT.CATEGORIES
SET DEFINE OFF;
Insert into MAINPROJECT.CATEGORIES (CATEGORY_ID,CATEGORY_NAME) values (1,'MOUSE');
Insert into MAINPROJECT.CATEGORIES (CATEGORY_ID,CATEGORY_NAME) values (2,'KEYBOARD');
Insert into MAINPROJECT.CATEGORIES (CATEGORY_ID,CATEGORY_NAME) values (3,'MONITOR');
Insert into MAINPROJECT.CATEGORIES (CATEGORY_ID,CATEGORY_NAME) values (4,'WEBCAM');
Insert into MAINPROJECT.CATEGORIES (CATEGORY_ID,CATEGORY_NAME) values (5,'SPEAKER');
Insert into MAINPROJECT.CATEGORIES (CATEGORY_ID,CATEGORY_NAME) values (6,'HEADSET');
REM INSERTING into MAINPROJECT.ORDERS
SET DEFINE OFF;
Insert into MAINPROJECT.ORDERS (ORDER_ID,USER_ID,ORDER_DATE,TOTAL_PRICE,ADDRESS,NAME,PHONE) values (17,3,to_date('24/09/10','RR/MM/DD'),null,null,null,null);
Insert into MAINPROJECT.ORDERS (ORDER_ID,USER_ID,ORDER_DATE,TOTAL_PRICE,ADDRESS,NAME,PHONE) values (18,3,to_date('24/09/10','RR/MM/DD'),null,null,null,null);
Insert into MAINPROJECT.ORDERS (ORDER_ID,USER_ID,ORDER_DATE,TOTAL_PRICE,ADDRESS,NAME,PHONE) values (19,3,to_date('24/09/10','RR/MM/DD'),null,null,null,null);
Insert into MAINPROJECT.ORDERS (ORDER_ID,USER_ID,ORDER_DATE,TOTAL_PRICE,ADDRESS,NAME,PHONE) values (20,3,to_date('24/09/10','RR/MM/DD'),378000,'asd',null,'asd');
Insert into MAINPROJECT.ORDERS (ORDER_ID,USER_ID,ORDER_DATE,TOTAL_PRICE,ADDRESS,NAME,PHONE) values (15,3,to_date('24/09/10','RR/MM/DD'),null,null,null,null);
Insert into MAINPROJECT.ORDERS (ORDER_ID,USER_ID,ORDER_DATE,TOTAL_PRICE,ADDRESS,NAME,PHONE) values (16,3,to_date('24/09/10','RR/MM/DD'),null,null,null,null);
Insert into MAINPROJECT.ORDERS (ORDER_ID,USER_ID,ORDER_DATE,TOTAL_PRICE,ADDRESS,NAME,PHONE) values (21,3,to_date('24/09/10','RR/MM/DD'),378000,'bbb',null,'1');
Insert into MAINPROJECT.ORDERS (ORDER_ID,USER_ID,ORDER_DATE,TOTAL_PRICE,ADDRESS,NAME,PHONE) values (22,3,to_date('24/09/10','RR/MM/DD'),378000,'bbb',null,'1');
Insert into MAINPROJECT.ORDERS (ORDER_ID,USER_ID,ORDER_DATE,TOTAL_PRICE,ADDRESS,NAME,PHONE) values (23,3,to_date('24/09/10','RR/MM/DD'),378000,'bbb',null,'1');
Insert into MAINPROJECT.ORDERS (ORDER_ID,USER_ID,ORDER_DATE,TOTAL_PRICE,ADDRESS,NAME,PHONE) values (24,3,to_date('24/09/10','RR/MM/DD'),328000,'경기 화성시 동탄숲속로 36 (능동, 동탄숲속마을모아미래도2단지)',null,'111111111');
Insert into MAINPROJECT.ORDERS (ORDER_ID,USER_ID,ORDER_DATE,TOTAL_PRICE,ADDRESS,NAME,PHONE) values (25,3,to_date('24/09/10','RR/MM/DD'),278000,'abcdef',null,'123123');
Insert into MAINPROJECT.ORDERS (ORDER_ID,USER_ID,ORDER_DATE,TOTAL_PRICE,ADDRESS,NAME,PHONE) values (26,3,to_date('24/09/10','RR/MM/DD'),418000,'집','이이이','010');
Insert into MAINPROJECT.ORDERS (ORDER_ID,USER_ID,ORDER_DATE,TOTAL_PRICE,ADDRESS,NAME,PHONE) values (27,3,to_date('24/09/12','RR/MM/DD'),728000,'basdasdasdasdasdasdasdasdasdasdasdasd','lyw123123','123123');
Insert into MAINPROJECT.ORDERS (ORDER_ID,USER_ID,ORDER_DATE,TOTAL_PRICE,ADDRESS,NAME,PHONE) values (28,3,to_date('24/09/12','RR/MM/DD'),278000,'baba','baba','baba');
Insert into MAINPROJECT.ORDERS (ORDER_ID,USER_ID,ORDER_DATE,TOTAL_PRICE,ADDRESS,NAME,PHONE) values (29,3,to_date('24/09/12','RR/MM/DD'),328000,'caca','caca','caca');
Insert into MAINPROJECT.ORDERS (ORDER_ID,USER_ID,ORDER_DATE,TOTAL_PRICE,ADDRESS,NAME,PHONE) values (30,3,to_date('24/09/12','RR/MM/DD'),0,null,null,null);
Insert into MAINPROJECT.ORDERS (ORDER_ID,USER_ID,ORDER_DATE,TOTAL_PRICE,ADDRESS,NAME,PHONE) values (31,3,to_date('24/09/12','RR/MM/DD'),378000,'qqqq','qqqq','qqqq');
Insert into MAINPROJECT.ORDERS (ORDER_ID,USER_ID,ORDER_DATE,TOTAL_PRICE,ADDRESS,NAME,PHONE) values (32,3,to_date('24/09/12','RR/MM/DD'),null,'rrrr','rrrr','rrrr');
Insert into MAINPROJECT.ORDERS (ORDER_ID,USER_ID,ORDER_DATE,TOTAL_PRICE,ADDRESS,NAME,PHONE) values (33,3,to_date('24/09/12','RR/MM/DD'),null,'qwqwqw','qqwqw','qwqwqw');
Insert into MAINPROJECT.ORDERS (ORDER_ID,USER_ID,ORDER_DATE,TOTAL_PRICE,ADDRESS,NAME,PHONE) values (34,3,to_date('24/09/12','RR/MM/DD'),378000,'bbbbbbbbbbbbb','bbbbbbbbbbbb','bbbbbbbbbbbbb');
Insert into MAINPROJECT.ORDERS (ORDER_ID,USER_ID,ORDER_DATE,TOTAL_PRICE,ADDRESS,NAME,PHONE) values (35,3,to_date('24/09/12','RR/MM/DD'),228000,'aaq','aaq','aaq');
Insert into MAINPROJECT.ORDERS (ORDER_ID,USER_ID,ORDER_DATE,TOTAL_PRICE,ADDRESS,NAME,PHONE) values (36,3,to_date('24/09/12','RR/MM/DD'),88000,'111','111','111');
Insert into MAINPROJECT.ORDERS (ORDER_ID,USER_ID,ORDER_DATE,TOTAL_PRICE,ADDRESS,NAME,PHONE) values (37,3,to_date('24/09/12','RR/MM/DD'),378000,'222','222','2222');
Insert into MAINPROJECT.ORDERS (ORDER_ID,USER_ID,ORDER_DATE,TOTAL_PRICE,ADDRESS,NAME,PHONE) values (38,3,to_date('24/09/12','RR/MM/DD'),null,'qweqwe','qwewqe','qwewqe');
Insert into MAINPROJECT.ORDERS (ORDER_ID,USER_ID,ORDER_DATE,TOTAL_PRICE,ADDRESS,NAME,PHONE) values (39,3,to_date('24/09/12','RR/MM/DD'),328000,'asd','asd','asd');
Insert into MAINPROJECT.ORDERS (ORDER_ID,USER_ID,ORDER_DATE,TOTAL_PRICE,ADDRESS,NAME,PHONE) values (40,3,to_date('24/09/12','RR/MM/DD'),378000,'ㅠㅠㅠ','ㅠㅠㅠ','ㅠㅠㅠ');
Insert into MAINPROJECT.ORDERS (ORDER_ID,USER_ID,ORDER_DATE,TOTAL_PRICE,ADDRESS,NAME,PHONE) values (41,3,to_date('24/09/12','RR/MM/DD'),88000,'123123','123123','123123');
Insert into MAINPROJECT.ORDERS (ORDER_ID,USER_ID,ORDER_DATE,TOTAL_PRICE,ADDRESS,NAME,PHONE) values (42,3,to_date('24/09/12','RR/MM/DD'),138000,'글로벌아카데미','TEST','01099856572');
Insert into MAINPROJECT.ORDERS (ORDER_ID,USER_ID,ORDER_DATE,TOTAL_PRICE,ADDRESS,NAME,PHONE) values (43,3,to_date('24/09/12','RR/MM/DD'),153000,'글로벌아카데미','lyw','01099856572');
Insert into MAINPROJECT.ORDERS (ORDER_ID,USER_ID,ORDER_DATE,TOTAL_PRICE,ADDRESS,NAME,PHONE) values (44,3,to_date('24/09/12','RR/MM/DD'),683000,'경기 화성시 동탄숲속로 36 (능동, 동탄숲속마을모아미래도2단지)','lyw','333333333');
Insert into MAINPROJECT.ORDERS (ORDER_ID,USER_ID,ORDER_DATE,TOTAL_PRICE,ADDRESS,NAME,PHONE) values (45,3,to_date('24/09/12','RR/MM/DD'),328000,'avsasv','vasasv','asvasv');
Insert into MAINPROJECT.ORDERS (ORDER_ID,USER_ID,ORDER_DATE,TOTAL_PRICE,ADDRESS,NAME,PHONE) values (46,3,to_date('24/09/12','RR/MM/DD'),148000,'경기 화성시 동탄숲속로 36 (능동, 동탄숲속마을모아미래도2단지)','lyw','01099856572');
Insert into MAINPROJECT.ORDERS (ORDER_ID,USER_ID,ORDER_DATE,TOTAL_PRICE,ADDRESS,NAME,PHONE) values (47,3,to_date('24/09/12','RR/MM/DD'),88000,'글로벌아카데미','lyw','01099856572');
Insert into MAINPROJECT.ORDERS (ORDER_ID,USER_ID,ORDER_DATE,TOTAL_PRICE,ADDRESS,NAME,PHONE) values (48,3,to_date('24/09/12','RR/MM/DD'),183000,'dada','dada','dada');
Insert into MAINPROJECT.ORDERS (ORDER_ID,USER_ID,ORDER_DATE,TOTAL_PRICE,ADDRESS,NAME,PHONE) values (49,3,to_date('24/09/12','RR/MM/DD'),428000,'글로벌아카데미','lyw','01099856572');
Insert into MAINPROJECT.ORDERS (ORDER_ID,USER_ID,ORDER_DATE,TOTAL_PRICE,ADDRESS,NAME,PHONE) values (50,3,to_date('24/09/12','RR/MM/DD'),183000,'ㅠㅠㅠ','lyw','c');
Insert into MAINPROJECT.ORDERS (ORDER_ID,USER_ID,ORDER_DATE,TOTAL_PRICE,ADDRESS,NAME,PHONE) values (51,3,to_date('24/09/12','RR/MM/DD'),378000,'abab','abab','abab');
Insert into MAINPROJECT.ORDERS (ORDER_ID,USER_ID,ORDER_DATE,TOTAL_PRICE,ADDRESS,NAME,PHONE) values (52,3,to_date('24/09/12','RR/MM/DD'),1968000,'ㅁ','ㅁ','ㅁㅁ');
Insert into MAINPROJECT.ORDERS (ORDER_ID,USER_ID,ORDER_DATE,TOTAL_PRICE,ADDRESS,NAME,PHONE) values (53,3,to_date('24/09/12','RR/MM/DD'),278000,'ㄴㄴ','ㅁㅁ','ㅁㅁ');
Insert into MAINPROJECT.ORDERS (ORDER_ID,USER_ID,ORDER_DATE,TOTAL_PRICE,ADDRESS,NAME,PHONE) values (54,0,to_date('24/09/12','RR/MM/DD'),98800,'ㅁㄴㅇ','ㅁㄴㅇ','ㅁㄴㅇ');
Insert into MAINPROJECT.ORDERS (ORDER_ID,USER_ID,ORDER_DATE,TOTAL_PRICE,ADDRESS,NAME,PHONE) values (55,0,to_date('24/09/12','RR/MM/DD'),88800,'ㅁㅁㅁ','ㅁㅁㅁ','ㅁㅁㅁ');
Insert into MAINPROJECT.ORDERS (ORDER_ID,USER_ID,ORDER_DATE,TOTAL_PRICE,ADDRESS,NAME,PHONE) values (56,0,to_date('24/09/12','RR/MM/DD'),692000,'ㅁㅁㅁㅁ','ㅁㅁㅁㅁ','ㅁㅁㅁㅁ');
Insert into MAINPROJECT.ORDERS (ORDER_ID,USER_ID,ORDER_DATE,TOTAL_PRICE,ADDRESS,NAME,PHONE) values (57,0,to_date('24/09/12','RR/MM/DD'),371000,'ㄹㄹㄹ','ㄹㄹㄹ','ㄹㄹㄹ');
Insert into MAINPROJECT.ORDERS (ORDER_ID,USER_ID,ORDER_DATE,TOTAL_PRICE,ADDRESS,NAME,PHONE) values (58,0,to_date('24/09/12','RR/MM/DD'),286500,'ㅇㅇㅇ','ㅇㅇㅇ','ㅇㅇㅇ');
Insert into MAINPROJECT.ORDERS (ORDER_ID,USER_ID,ORDER_DATE,TOTAL_PRICE,ADDRESS,NAME,PHONE) values (59,0,to_date('24/09/12','RR/MM/DD'),286500,'ㅇㅇㅇㅇ','ㅇㅇㅇㅇ','ㅇㅇㅇㅇ');
Insert into MAINPROJECT.ORDERS (ORDER_ID,USER_ID,ORDER_DATE,TOTAL_PRICE,ADDRESS,NAME,PHONE) values (60,1,to_date('24/09/12','RR/MM/DD'),252900,'111','111','111');
Insert into MAINPROJECT.ORDERS (ORDER_ID,USER_ID,ORDER_DATE,TOTAL_PRICE,ADDRESS,NAME,PHONE) values (61,1,to_date('24/09/12','RR/MM/DD'),22900,'a','1','a');
Insert into MAINPROJECT.ORDERS (ORDER_ID,USER_ID,ORDER_DATE,TOTAL_PRICE,ADDRESS,NAME,PHONE) values (62,1,to_date('24/09/12','RR/MM/DD'),1172900,'v','v','v');
Insert into MAINPROJECT.ORDERS (ORDER_ID,USER_ID,ORDER_DATE,TOTAL_PRICE,ADDRESS,NAME,PHONE) values (63,3,to_date('24/09/12','RR/MM/DD'),1001200,'bba','bba','bba');
Insert into MAINPROJECT.ORDERS (ORDER_ID,USER_ID,ORDER_DATE,TOTAL_PRICE,ADDRESS,NAME,PHONE) values (64,3,to_date('24/09/13','RR/MM/DD'),61000,'qq','qq','qq');
Insert into MAINPROJECT.ORDERS (ORDER_ID,USER_ID,ORDER_DATE,TOTAL_PRICE,ADDRESS,NAME,PHONE) values (65,3,to_date('24/09/13','RR/MM/DD'),22900,'ww','ww','ww');
Insert into MAINPROJECT.ORDERS (ORDER_ID,USER_ID,ORDER_DATE,TOTAL_PRICE,ADDRESS,NAME,PHONE) values (66,1,to_date('24/09/13','RR/MM/DD'),609900,'qwewqe','qweqwe','qweqwe');
Insert into MAINPROJECT.ORDERS (ORDER_ID,USER_ID,ORDER_DATE,TOTAL_PRICE,ADDRESS,NAME,PHONE) values (67,3,to_date('24/09/13','RR/MM/DD'),315900,'va','va','va');
Insert into MAINPROJECT.ORDERS (ORDER_ID,USER_ID,ORDER_DATE,TOTAL_PRICE,ADDRESS,NAME,PHONE) values (68,3,to_date('24/09/13','RR/MM/DD'),68900,'v2','v2','v2');
Insert into MAINPROJECT.ORDERS (ORDER_ID,USER_ID,ORDER_DATE,TOTAL_PRICE,ADDRESS,NAME,PHONE) values (69,3,to_date('24/09/22','RR/MM/DD'),469600,'aasd','aasd','aasd');
Insert into MAINPROJECT.ORDERS (ORDER_ID,USER_ID,ORDER_DATE,TOTAL_PRICE,ADDRESS,NAME,PHONE) values (70,1,to_date('24/09/23','RR/MM/DD'),503900,'집','이용운','010');
Insert into MAINPROJECT.ORDERS (ORDER_ID,USER_ID,ORDER_DATE,TOTAL_PRICE,ADDRESS,NAME,PHONE) values (71,0,to_date('24/09/23','RR/MM/DD'),73700,'집','lyw','111');
Insert into MAINPROJECT.ORDERS (ORDER_ID,USER_ID,ORDER_DATE,TOTAL_PRICE,ADDRESS,NAME,PHONE) values (72,1,to_date('24/09/24','RR/MM/DD'),24900,'asd','asd','asd');
REM INSERTING into MAINPROJECT.ORDER_ITEMS
SET DEFINE OFF;
Insert into MAINPROJECT.ORDER_ITEMS (ORDER_ITEM_ID,ORDER_ID,PRODUCT_ID,QUANTITY,PRICE) values (10,47,1,1,50000);
Insert into MAINPROJECT.ORDER_ITEMS (ORDER_ITEM_ID,ORDER_ID,PRODUCT_ID,QUANTITY,PRICE) values (11,47,2,1,30000);
Insert into MAINPROJECT.ORDER_ITEMS (ORDER_ITEM_ID,ORDER_ID,PRODUCT_ID,QUANTITY,PRICE) values (12,47,3,1,5000);
Insert into MAINPROJECT.ORDER_ITEMS (ORDER_ITEM_ID,ORDER_ID,PRODUCT_ID,QUANTITY,PRICE) values (13,48,1,2,50000);
Insert into MAINPROJECT.ORDER_ITEMS (ORDER_ITEM_ID,ORDER_ID,PRODUCT_ID,QUANTITY,PRICE) values (14,48,2,2,30000);
Insert into MAINPROJECT.ORDER_ITEMS (ORDER_ITEM_ID,ORDER_ID,PRODUCT_ID,QUANTITY,PRICE) values (15,48,3,4,5000);
Insert into MAINPROJECT.ORDER_ITEMS (ORDER_ITEM_ID,ORDER_ID,PRODUCT_ID,QUANTITY,PRICE) values (16,49,1,5,50000);
Insert into MAINPROJECT.ORDER_ITEMS (ORDER_ITEM_ID,ORDER_ID,PRODUCT_ID,QUANTITY,PRICE) values (17,49,2,5,30000);
Insert into MAINPROJECT.ORDER_ITEMS (ORDER_ITEM_ID,ORDER_ID,PRODUCT_ID,QUANTITY,PRICE) values (18,49,3,5,5000);
Insert into MAINPROJECT.ORDER_ITEMS (ORDER_ITEM_ID,ORDER_ID,PRODUCT_ID,QUANTITY,PRICE) values (19,50,1,1,50000);
Insert into MAINPROJECT.ORDER_ITEMS (ORDER_ITEM_ID,ORDER_ID,PRODUCT_ID,QUANTITY,PRICE) values (20,50,2,4,30000);
Insert into MAINPROJECT.ORDER_ITEMS (ORDER_ITEM_ID,ORDER_ID,PRODUCT_ID,QUANTITY,PRICE) values (21,50,3,2,5000);
Insert into MAINPROJECT.ORDER_ITEMS (ORDER_ITEM_ID,ORDER_ID,PRODUCT_ID,QUANTITY,PRICE) values (22,51,1,6,50000);
Insert into MAINPROJECT.ORDER_ITEMS (ORDER_ITEM_ID,ORDER_ID,PRODUCT_ID,QUANTITY,PRICE) values (23,51,2,2,30000);
Insert into MAINPROJECT.ORDER_ITEMS (ORDER_ITEM_ID,ORDER_ID,PRODUCT_ID,QUANTITY,PRICE) values (24,51,3,3,5000);
Insert into MAINPROJECT.ORDER_ITEMS (ORDER_ITEM_ID,ORDER_ID,PRODUCT_ID,QUANTITY,PRICE) values (25,52,1,6,300000);
Insert into MAINPROJECT.ORDER_ITEMS (ORDER_ITEM_ID,ORDER_ID,PRODUCT_ID,QUANTITY,PRICE) values (26,52,2,2,60000);
Insert into MAINPROJECT.ORDER_ITEMS (ORDER_ITEM_ID,ORDER_ID,PRODUCT_ID,QUANTITY,PRICE) values (27,52,3,3,15000);
Insert into MAINPROJECT.ORDER_ITEMS (ORDER_ITEM_ID,ORDER_ID,PRODUCT_ID,QUANTITY,PRICE) values (28,53,1,2,100000);
Insert into MAINPROJECT.ORDER_ITEMS (ORDER_ITEM_ID,ORDER_ID,PRODUCT_ID,QUANTITY,PRICE) values (29,53,2,1,30000);
Insert into MAINPROJECT.ORDER_ITEMS (ORDER_ITEM_ID,ORDER_ID,PRODUCT_ID,QUANTITY,PRICE) values (30,53,3,3,15000);
Insert into MAINPROJECT.ORDER_ITEMS (ORDER_ITEM_ID,ORDER_ID,PRODUCT_ID,QUANTITY,PRICE) values (31,54,6,1,37800);
Insert into MAINPROJECT.ORDER_ITEMS (ORDER_ITEM_ID,ORDER_ID,PRODUCT_ID,QUANTITY,PRICE) values (32,54,7,1,58000);
Insert into MAINPROJECT.ORDER_ITEMS (ORDER_ITEM_ID,ORDER_ID,PRODUCT_ID,QUANTITY,PRICE) values (33,56,3,1,689000);
Insert into MAINPROJECT.ORDER_ITEMS (ORDER_ITEM_ID,ORDER_ID,PRODUCT_ID,QUANTITY,PRICE) values (34,57,11,2,184000);
Insert into MAINPROJECT.ORDER_ITEMS (ORDER_ITEM_ID,ORDER_ID,PRODUCT_ID,QUANTITY,PRICE) values (35,61,1,1,19900);
Insert into MAINPROJECT.ORDER_ITEMS (ORDER_ITEM_ID,ORDER_ID,PRODUCT_ID,QUANTITY,PRICE) values (36,65,1,1,19900);
Insert into MAINPROJECT.ORDER_ITEMS (ORDER_ITEM_ID,ORDER_ID,PRODUCT_ID,QUANTITY,PRICE) values (37,67,2,1,65900);
Insert into MAINPROJECT.ORDER_ITEMS (ORDER_ITEM_ID,ORDER_ID,PRODUCT_ID,QUANTITY,PRICE) values (38,67,7,1,58000);
Insert into MAINPROJECT.ORDER_ITEMS (ORDER_ITEM_ID,ORDER_ID,PRODUCT_ID,QUANTITY,PRICE) values (39,67,15,1,189000);
Insert into MAINPROJECT.ORDER_ITEMS (ORDER_ITEM_ID,ORDER_ID,PRODUCT_ID,QUANTITY,PRICE) values (40,68,2,1,65900);
Insert into MAINPROJECT.ORDER_ITEMS (ORDER_ITEM_ID,ORDER_ID,PRODUCT_ID,QUANTITY,PRICE) values (41,69,5,2,21900);
Insert into MAINPROJECT.ORDER_ITEMS (ORDER_ITEM_ID,ORDER_ID,PRODUCT_ID,QUANTITY,PRICE) values (42,69,6,1,37800);
Insert into MAINPROJECT.ORDER_ITEMS (ORDER_ITEM_ID,ORDER_ID,PRODUCT_ID,QUANTITY,PRICE) values (43,69,7,1,58000);
Insert into MAINPROJECT.ORDER_ITEMS (ORDER_ITEM_ID,ORDER_ID,PRODUCT_ID,QUANTITY,PRICE) values (44,69,8,3,109000);
Insert into MAINPROJECT.ORDER_ITEMS (ORDER_ITEM_ID,ORDER_ID,PRODUCT_ID,QUANTITY,PRICE) values (45,70,2,1,65900);
Insert into MAINPROJECT.ORDER_ITEMS (ORDER_ITEM_ID,ORDER_ID,PRODUCT_ID,QUANTITY,PRICE) values (46,70,4,2,78000);
Insert into MAINPROJECT.ORDER_ITEMS (ORDER_ITEM_ID,ORDER_ID,PRODUCT_ID,QUANTITY,PRICE) values (47,70,9,1,279000);
Insert into MAINPROJECT.ORDER_ITEMS (ORDER_ITEM_ID,ORDER_ID,PRODUCT_ID,QUANTITY,PRICE) values (48,71,6,1,37800);
Insert into MAINPROJECT.ORDER_ITEMS (ORDER_ITEM_ID,ORDER_ID,PRODUCT_ID,QUANTITY,PRICE) values (49,71,13,1,32900);
Insert into MAINPROJECT.ORDER_ITEMS (ORDER_ITEM_ID,ORDER_ID,PRODUCT_ID,QUANTITY,PRICE) values (50,72,5,1,21900);
REM INSERTING into MAINPROJECT.PRODUCTS
SET DEFINE OFF;
Insert into MAINPROJECT.PRODUCTS (PRODUCT_ID,PRODUCT_NAME,CATEGORY_ID,PRICE,STOCK_QUANTITY,IMAGE_URL,BRAND) values (1,'로지텍G102',1,19900,10,'로지텍G102.jpg','로지텍');
Insert into MAINPROJECT.PRODUCTS (PRODUCT_ID,PRODUCT_NAME,CATEGORY_ID,PRICE,STOCK_QUANTITY,IMAGE_URL,BRAND) values (2,'AULA F99 PRO',2,65900,100,'2.jpg','AULA');
Insert into MAINPROJECT.PRODUCTS (PRODUCT_ID,PRODUCT_NAME,CATEGORY_ID,PRICE,STOCK_QUANTITY,IMAGE_URL,BRAND) values (3,'DELL UltraSharp U2723QE',3,689000,100,'DELL UltraSharp U2723QE.jpg','DELL');
Insert into MAINPROJECT.PRODUCTS (PRODUCT_ID,PRODUCT_NAME,CATEGORY_ID,PRICE,STOCK_QUANTITY,IMAGE_URL,BRAND) values (4,'Razer DeathAdder V2 Pro',1,78000,100,'4.jpg','레이저');
Insert into MAINPROJECT.PRODUCTS (PRODUCT_ID,PRODUCT_NAME,CATEGORY_ID,PRICE,STOCK_QUANTITY,IMAGE_URL,BRAND) values (5,'MAXTILL MAXTILL TRON G10',1,21900,100,'5.jpg','맥스틸');
Insert into MAINPROJECT.PRODUCTS (PRODUCT_ID,PRODUCT_NAME,CATEGORY_ID,PRICE,STOCK_QUANTITY,IMAGE_URL,BRAND) values (6,'로지텍 코리아 G304 무선 마우스',1,37800,100,'6.jpg','로지텍');
Insert into MAINPROJECT.PRODUCTS (PRODUCT_ID,PRODUCT_NAME,CATEGORY_ID,PRICE,STOCK_QUANTITY,IMAGE_URL,BRAND) values (7,'앱코(ABKO) AN06F TKL PBT 게이밍 기계식 키보드',2,58000,100,'7.jpg','앱코');
Insert into MAINPROJECT.PRODUCTS (PRODUCT_ID,PRODUCT_NAME,CATEGORY_ID,PRICE,STOCK_QUANTITY,IMAGE_URL,BRAND) values (8,'체리 MX BOARD 3.0S WIRELESS RGB (저소음 적축) 키보드',2,109000,100,'8.jpg','체리');
Insert into MAINPROJECT.PRODUCTS (PRODUCT_ID,PRODUCT_NAME,CATEGORY_ID,PRICE,STOCK_QUANTITY,IMAGE_URL,BRAND) values (9,'한성컴퓨터 TFG30F20W 울트라와이드 리얼 200 게이밍 무결점',3,279000,100,'9.jpg','한성컴퓨터');
Insert into MAINPROJECT.PRODUCTS (PRODUCT_ID,PRODUCT_NAME,CATEGORY_ID,PRICE,STOCK_QUANTITY,IMAGE_URL,BRAND) values (10,'삼성전자 커브드 C32R500 32인치 베젤리스 LED 컴퓨터 모니터',3,249000,100,'10.jpg','삼성전자');
Insert into MAINPROJECT.PRODUCTS (PRODUCT_ID,PRODUCT_NAME,CATEGORY_ID,PRICE,STOCK_QUANTITY,IMAGE_URL,BRAND) values (11,'LG전자 24MP58VQ 24인치모니터 IPS패널',3,184000,100,'11.jpg','LG전자');
Insert into MAINPROJECT.PRODUCTS (PRODUCT_ID,PRODUCT_NAME,CATEGORY_ID,PRICE,STOCK_QUANTITY,IMAGE_URL,BRAND) values (12,'APC930 QHD 웹캠 | ABKO',4,61800,100,'12.jpg','앱코');
Insert into MAINPROJECT.PRODUCTS (PRODUCT_ID,PRODUCT_NAME,CATEGORY_ID,PRICE,STOCK_QUANTITY,IMAGE_URL,BRAND) values (13,'브리츠 BZ-MS2000 2채널 PC 컴퓨터 스피커',5,32900,100,'13.jpg','브리츠');
Insert into MAINPROJECT.PRODUCTS (PRODUCT_ID,PRODUCT_NAME,CATEGORY_ID,PRICE,STOCK_QUANTITY,IMAGE_URL,BRAND) values (14,'COX CH50 가상 7.1채널 RGB 게이밍 헤드셋',6,27900,100,'14.jpg','콕스');
Insert into MAINPROJECT.PRODUCTS (PRODUCT_ID,PRODUCT_NAME,CATEGORY_ID,PRICE,STOCK_QUANTITY,IMAGE_URL,BRAND) values (15,'[로지텍코리아] 유선 게이밍 헤드셋 G Pro X',6,189000,100,'15.jpg','로지텍');
Insert into MAINPROJECT.PRODUCTS (PRODUCT_ID,PRODUCT_NAME,CATEGORY_ID,PRICE,STOCK_QUANTITY,IMAGE_URL,BRAND) values (74,'앱코 HACKER 스테레오 게이밍 유선헤드셋 B90',6,12650,100,'headset15.PNG','앱코');
Insert into MAINPROJECT.PRODUCTS (PRODUCT_ID,PRODUCT_NAME,CATEGORY_ID,PRICE,STOCK_QUANTITY,IMAGE_URL,BRAND) values (16,'코시 네스트 FHD 고화질 PC 카메라',4,41000,100,'webcam08.PNG','코시');
Insert into MAINPROJECT.PRODUCTS (PRODUCT_ID,PRODUCT_NAME,CATEGORY_ID,PRICE,STOCK_QUANTITY,IMAGE_URL,BRAND) values (17,'로이체 무소음 무선 옵티컬 마우스 RX-550',1,14900,100,'mouse16.png','로이체');
Insert into MAINPROJECT.PRODUCTS (PRODUCT_ID,PRODUCT_NAME,CATEGORY_ID,PRICE,STOCK_QUANTITY,IMAGE_URL,BRAND) values (18,'빅트랙 FHD 컨커러 프리미엄 게이밍 모니터',3,179000,100,'monitor01.PNG','빅트랙');
Insert into MAINPROJECT.PRODUCTS (PRODUCT_ID,PRODUCT_NAME,CATEGORY_ID,PRICE,STOCK_QUANTITY,IMAGE_URL,BRAND) values (19,'로이체 QHD 마이크 내장 오토포커스 웹캠 화상카메라 RPC-40Q + 삼각대 세트',4,39900,100,'webcam09.PNG','로이체');
Insert into MAINPROJECT.PRODUCTS (PRODUCT_ID,PRODUCT_NAME,CATEGORY_ID,PRICE,STOCK_QUANTITY,IMAGE_URL,BRAND) values (20,'홈플래닛 QHD 웹캠 방송용 수업용 화상카메라 (500만화소 오토포커스 광시야각 마이크내장)',4,75000,100,'webcam04.PNG','홈플래닛');
Insert into MAINPROJECT.PRODUCTS (PRODUCT_ID,PRODUCT_NAME,CATEGORY_ID,PRICE,STOCK_QUANTITY,IMAGE_URL,BRAND) values (21,'엑토 하데스 게이밍 유선 마우스 GMSC-15',1,14300,100,'mouse20.png','엑토');
Insert into MAINPROJECT.PRODUCTS (PRODUCT_ID,PRODUCT_NAME,CATEGORY_ID,PRICE,STOCK_QUANTITY,IMAGE_URL,BRAND) values (22,'로지텍 코리아 BRIO 100 웹캠 960-001587 VU0072',4,48150,100,'webcam15.PNG','로지텍');
Insert into MAINPROJECT.PRODUCTS (PRODUCT_ID,PRODUCT_NAME,CATEGORY_ID,PRICE,STOCK_QUANTITY,IMAGE_URL,BRAND) values (23,'레이저 DeathAdder Essential 유선마우스 RZ01-0385',1,23630,100,'mouse10.png','레이저');
Insert into MAINPROJECT.PRODUCTS (PRODUCT_ID,PRODUCT_NAME,CATEGORY_ID,PRICE,STOCK_QUANTITY,IMAGE_URL,BRAND) values (24,'로지텍 Brio500 웹캠 그래파이트 960-001423',4,134560,100,'webcam19.PNG','로지텍');
Insert into MAINPROJECT.PRODUCTS (PRODUCT_ID,PRODUCT_NAME,CATEGORY_ID,PRICE,STOCK_QUANTITY,IMAGE_URL,BRAND) values (25,'앱코 SD Fixed Focus 웹캠 APC480',4,12900,100,'webcam06.PNG','앱코');
Insert into MAINPROJECT.PRODUCTS (PRODUCT_ID,PRODUCT_NAME,CATEGORY_ID,PRICE,STOCK_QUANTITY,IMAGE_URL,BRAND) values (26,'TAIDU 타이두 TSG301 Pro 프로페셔널 RGB 유선 게이밍 마우스',1,71600,100,'mouse01.png','타이두');
Insert into MAINPROJECT.PRODUCTS (PRODUCT_ID,PRODUCT_NAME,CATEGORY_ID,PRICE,STOCK_QUANTITY,IMAGE_URL,BRAND) values (27,'ZIO C960 FHD 1080p 화상캠',4,28110,100,'webcam05.PNG','ZIO');
Insert into MAINPROJECT.PRODUCTS (PRODUCT_ID,PRODUCT_NAME,CATEGORY_ID,PRICE,STOCK_QUANTITY,IMAGE_URL,BRAND) values (28,'디엑스 60.5cm (24인치) 75Hz 사무용 게이밍 컴퓨터 모니터 DX245HDMI',3,150000,100,'monitor14.PNG','디엑스');
Insert into MAINPROJECT.PRODUCTS (PRODUCT_ID,PRODUCT_NAME,CATEGORY_ID,PRICE,STOCK_QUANTITY,IMAGE_URL,BRAND) values (29,'커세어 104 키배열 K68 게이밍 유선 일반형 키보드',2,127700,100,'keyboard20.PNG','커세어');
Insert into MAINPROJECT.PRODUCTS (PRODUCT_ID,PRODUCT_NAME,CATEGORY_ID,PRICE,STOCK_QUANTITY,IMAGE_URL,BRAND) values (30,'앱코 QHD 웹캠 APC930U',4,82690,100,'webcam07.PNG','앱코');
Insert into MAINPROJECT.PRODUCTS (PRODUCT_ID,PRODUCT_NAME,CATEGORY_ID,PRICE,STOCK_QUANTITY,IMAGE_URL,BRAND) values (31,'Nutz 2K 500만화소 고화질 웹캠 QHD1944L',4,85000,100,'webcam11.PNG','Nutz');
Insert into MAINPROJECT.PRODUCTS (PRODUCT_ID,PRODUCT_NAME,CATEGORY_ID,PRICE,STOCK_QUANTITY,IMAGE_URL,BRAND) values (32,'주연테크 FHD 100Hz 모니터',3,89000,100,'monitor02.PNG','주연테크');
Insert into MAINPROJECT.PRODUCTS (PRODUCT_ID,PRODUCT_NAME,CATEGORY_ID,PRICE,STOCK_QUANTITY,IMAGE_URL,BRAND) values (33,'루앱 무소음 슬림 무선 마우스 노트북 호환 RA-SM01',1,22000,100,'mouse12.png','루앱');
Insert into MAINPROJECT.PRODUCTS (PRODUCT_ID,PRODUCT_NAME,CATEGORY_ID,PRICE,STOCK_QUANTITY,IMAGE_URL,BRAND) values (34,'로지텍 HD 웹캠 C920',4,99000,100,'webcam16.PNG','로지텍');
Insert into MAINPROJECT.PRODUCTS (PRODUCT_ID,PRODUCT_NAME,CATEGORY_ID,PRICE,STOCK_QUANTITY,IMAGE_URL,BRAND) values (35,'앱코 축교환 레인보우 무빙 LED 기계식 유선 일반형 키보드',2,32180,100,'keyboard05.png','앱코');
Insert into MAINPROJECT.PRODUCTS (PRODUCT_ID,PRODUCT_NAME,CATEGORY_ID,PRICE,STOCK_QUANTITY,IMAGE_URL,BRAND) values (36,'앱코 FHD 165Hz 게이밍 27인치 커브드 초슬림 모니터',3,180700,100,'monitor19.PNG','앱코');
Insert into MAINPROJECT.PRODUCTS (PRODUCT_ID,PRODUCT_NAME,CATEGORY_ID,PRICE,STOCK_QUANTITY,IMAGE_URL,BRAND) values (37,'플레오맥스 웹캠 W-210',4,14050,100,'webcam14.PNG','삼성전자');
Insert into MAINPROJECT.PRODUCTS (PRODUCT_ID,PRODUCT_NAME,CATEGORY_ID,PRICE,STOCK_QUANTITY,IMAGE_URL,BRAND) values (38,'앱코 QHD 웹캠 APC925',4,62820,100,'webcam10.PNG','앱코');
Insert into MAINPROJECT.PRODUCTS (PRODUCT_ID,PRODUCT_NAME,CATEGORY_ID,PRICE,STOCK_QUANTITY,IMAGE_URL,BRAND) values (39,'앤커 2K 마이크 내장 인공지능 오토포커스 웹캠 A3383',4,299000,100,'webcam18.PNG','앤커');
Insert into MAINPROJECT.PRODUCTS (PRODUCT_ID,PRODUCT_NAME,CATEGORY_ID,PRICE,STOCK_QUANTITY,IMAGE_URL,BRAND) values (40,'플레이기어 블루투스 멀티패어링 무소음 Silent 무선 일반형 키보드',2,42800,100,'keyboard17.png','플레이기어');
Insert into MAINPROJECT.PRODUCTS (PRODUCT_ID,PRODUCT_NAME,CATEGORY_ID,PRICE,STOCK_QUANTITY,IMAGE_URL,BRAND) values (41,'로이체 2채널 멀티미디어 USB 사운드바 스피커 RSB-3000',5,19900,100,'speaker02.PNG','로이체');
Insert into MAINPROJECT.PRODUCTS (PRODUCT_ID,PRODUCT_NAME,CATEGORY_ID,PRICE,STOCK_QUANTITY,IMAGE_URL,BRAND) values (42,'아이리버 여성용 손목보호 작은손 무선 버티컬 마우스 EQwear-Lady Vertical Grip EV15',1,33700,100,'mouse06.png','아이리버 ');
Insert into MAINPROJECT.PRODUCTS (PRODUCT_ID,PRODUCT_NAME,CATEGORY_ID,PRICE,STOCK_QUANTITY,IMAGE_URL,BRAND) values (43,'인켈 RGB LED 라이팅 2 in 1 사운드바 IK-KS1500',5,14790,100,'speaker20.PNG','인켈');
Insert into MAINPROJECT.PRODUCTS (PRODUCT_ID,PRODUCT_NAME,CATEGORY_ID,PRICE,STOCK_QUANTITY,IMAGE_URL,BRAND) values (44,'로지텍 G304 LIGHTSPEED 무선 게이밍 마우스 M-R0071',1,53000,100,'mouse17.png','로지텍');
Insert into MAINPROJECT.PRODUCTS (PRODUCT_ID,PRODUCT_NAME,CATEGORY_ID,PRICE,STOCK_QUANTITY,IMAGE_URL,BRAND) values (45,'한성컴퓨터 FHD 리얼 180 게이밍 모니터',3,139000,100,'monitor11.PNG','한성컴퓨터');
Insert into MAINPROJECT.PRODUCTS (PRODUCT_ID,PRODUCT_NAME,CATEGORY_ID,PRICE,STOCK_QUANTITY,IMAGE_URL,BRAND) values (46,'MSI G27C5 E2 게이밍 커브드 모니터 170Hz 아이세이버 무결점',3,159000,100,'monitor12.PNG','MSI');
Insert into MAINPROJECT.PRODUCTS (PRODUCT_ID,PRODUCT_NAME,CATEGORY_ID,PRICE,STOCK_QUANTITY,IMAGE_URL,BRAND) values (47,'브리츠 블루투스 5.3 포터블 아웃도어 스피커 BR-M500',5,115990,100,'speaker15.PNG','브리츠');
Insert into MAINPROJECT.PRODUCTS (PRODUCT_ID,PRODUCT_NAME,CATEGORY_ID,PRICE,STOCK_QUANTITY,IMAGE_URL,BRAND) values (48,'아이리버 WOODEN BOX 블루투스 스피커 IR-R1000',5,50750,100,'speaker07.PNG','아이리버');
Insert into MAINPROJECT.PRODUCTS (PRODUCT_ID,PRODUCT_NAME,CATEGORY_ID,PRICE,STOCK_QUANTITY,IMAGE_URL,BRAND) values (49,'브리츠 USB 사운드바 스피커',5,27260,100,'speaker08.PNG','브리츠');
Insert into MAINPROJECT.PRODUCTS (PRODUCT_ID,PRODUCT_NAME,CATEGORY_ID,PRICE,STOCK_QUANTITY,IMAGE_URL,BRAND) values (50,'아이리버 항균 2.4GHz+블루투스 저소음 무선 일반형 키보드',2,39700,100,'keyboard01.png','아이리버');
Insert into MAINPROJECT.PRODUCTS (PRODUCT_ID,PRODUCT_NAME,CATEGORY_ID,PRICE,STOCK_QUANTITY,IMAGE_URL,BRAND) values (51,'LG전자 FHD 울트라기어 LED 게이밍모니터',3,279860,100,'monitor15.PNG','LG전자');
Insert into MAINPROJECT.PRODUCTS (PRODUCT_ID,PRODUCT_NAME,CATEGORY_ID,PRICE,STOCK_QUANTITY,IMAGE_URL,BRAND) values (52,'스마텍 리시버 USB 무선 무소음 블루투스 마우스 STM-IV100',1,19900,100,'mouse02.png','스마텍');
Insert into MAINPROJECT.PRODUCTS (PRODUCT_ID,PRODUCT_NAME,CATEGORY_ID,PRICE,STOCK_QUANTITY,IMAGE_URL,BRAND) values (53,'브리츠 커브드 사운드바 BZ-SP700X',5,29900,100,'speaker14.PNG','브리츠');
Insert into MAINPROJECT.PRODUCTS (PRODUCT_ID,PRODUCT_NAME,CATEGORY_ID,PRICE,STOCK_QUANTITY,IMAGE_URL,BRAND) values (54,'브리츠 블루투스 스피커 BZ-MAB18 FOOTBALL',5,17000,100,'speaker18.PNG','브리츠');
Insert into MAINPROJECT.PRODUCTS (PRODUCT_ID,PRODUCT_NAME,CATEGORY_ID,PRICE,STOCK_QUANTITY,IMAGE_URL,BRAND) values (55,'큐센 LED 텐키리스 유선키보드',2,25050,100,'keyboard18.png','큐센');
Insert into MAINPROJECT.PRODUCTS (PRODUCT_ID,PRODUCT_NAME,CATEGORY_ID,PRICE,STOCK_QUANTITY,IMAGE_URL,BRAND) values (56,'로지텍 유선마우스 M100R',1,9660,100,'mouse04.png','로지텍');
Insert into MAINPROJECT.PRODUCTS (PRODUCT_ID,PRODUCT_NAME,CATEGORY_ID,PRICE,STOCK_QUANTITY,IMAGE_URL,BRAND) values (57,'앱코 HACKER 가상 7.1 RGB 진동 노이즈 캔슬링 마이크 3D 초경량 게이밍 헤드셋 N550 ENC',6,41930,100,'headset02.PNG','앱코');
Insert into MAINPROJECT.PRODUCTS (PRODUCT_ID,PRODUCT_NAME,CATEGORY_ID,PRICE,STOCK_QUANTITY,IMAGE_URL,BRAND) values (58,'아이리버 남성용 손목보호 큰손 무선 버티컬 마우스 EQwear-Gentleman Vertical Grip EV19',1,33700,100,'mouse11.png','아이리버');
Insert into MAINPROJECT.PRODUCTS (PRODUCT_ID,PRODUCT_NAME,CATEGORY_ID,PRICE,STOCK_QUANTITY,IMAGE_URL,BRAND) values (59,'로지텍 G102IC 2세대 LIGHTSYNC 게이밍 유선마우스 벌크 MU0054',1,23420,100,'mouse03.png','로지텍');
Insert into MAINPROJECT.PRODUCTS (PRODUCT_ID,PRODUCT_NAME,CATEGORY_ID,PRICE,STOCK_QUANTITY,IMAGE_URL,BRAND) values (60,'쥬위 듀얼스크린 포터블 업무용 360도회전 노트북 서브 보조 모니터 15.6인치 화면2개',3,299000,100,'monitor16.PNG','쥬위');
Insert into MAINPROJECT.PRODUCTS (PRODUCT_ID,PRODUCT_NAME,CATEGORY_ID,PRICE,STOCK_QUANTITY,IMAGE_URL,BRAND) values (61,'카날스 LAY-8000 전문가용 라인 어레이 스피커 8인치 패시브 스피커 480W ',5,4125000,100,'speaker01.PNG','카날스');
Insert into MAINPROJECT.PRODUCTS (PRODUCT_ID,PRODUCT_NAME,CATEGORY_ID,PRICE,STOCK_QUANTITY,IMAGE_URL,BRAND) values (62,'앱코 HACKER K150 텐키리스 레인보우 LED 게이밍 멤브레인 유선 키보드',2,17880,100,'keyboard06.png','앱코');
Insert into MAINPROJECT.PRODUCTS (PRODUCT_ID,PRODUCT_NAME,CATEGORY_ID,PRICE,STOCK_QUANTITY,IMAGE_URL,BRAND) values (63,'크로스오버 FHD 오버파워 게이밍 모니터 24TZ144',3,160000,100,'monitor20.png','크로스오버');
Insert into MAINPROJECT.PRODUCTS (PRODUCT_ID,PRODUCT_NAME,CATEGORY_ID,PRICE,STOCK_QUANTITY,IMAGE_URL,BRAND) values (64,'NUPHY AIR60 V2 기계식 키보드 적축 블루투스 무선 유선 미니 텐키리스 슬림형',2,199000,100,'keyboard16.png','누피');
Insert into MAINPROJECT.PRODUCTS (PRODUCT_ID,PRODUCT_NAME,CATEGORY_ID,PRICE,STOCK_QUANTITY,IMAGE_URL,BRAND) values (65,'로이체 잔망루피 휴대용 무선 블루투스 스피커 ICNS-BTS-A-LP',5,42900,100,'speaker17.PNG','로이체');
Insert into MAINPROJECT.PRODUCTS (PRODUCT_ID,PRODUCT_NAME,CATEGORY_ID,PRICE,STOCK_QUANTITY,IMAGE_URL,BRAND) values (66,'삼성전자 유선마우스 SPA-JMA1PUB',1,9830,100,'mouse08.png','삼성전자');
Insert into MAINPROJECT.PRODUCTS (PRODUCT_ID,PRODUCT_NAME,CATEGORY_ID,PRICE,STOCK_QUANTITY,IMAGE_URL,BRAND) values (67,'로이체 2채널 멀티미디어 RGB 레인보우 LED 게이밍 사운드바 스피커 RSB-G5000',5,29900,100,'speaker03.PNG','로이체');
Insert into MAINPROJECT.PRODUCTS (PRODUCT_ID,PRODUCT_NAME,CATEGORY_ID,PRICE,STOCK_QUANTITY,IMAGE_URL,BRAND) values (68,'맥스틸 사운드바 스피커 SB-200',5,17000,100,'speaker04.PNG','맥스틸');
Insert into MAINPROJECT.PRODUCTS (PRODUCT_ID,PRODUCT_NAME,CATEGORY_ID,PRICE,STOCK_QUANTITY,IMAGE_URL,BRAND) values (69,'지클릭커 무소음 무선 마우스 GM-W3000',1,6730,100,'mouse15.png','지클릭커');
Insert into MAINPROJECT.PRODUCTS (PRODUCT_ID,PRODUCT_NAME,CATEGORY_ID,PRICE,STOCK_QUANTITY,IMAGE_URL,BRAND) values (70,'액센 7 in 1 시계 무선충전 블루투스 스피커 BS50',5,32000,100,'speaker11.PNG','액센');
Insert into MAINPROJECT.PRODUCTS (PRODUCT_ID,PRODUCT_NAME,CATEGORY_ID,PRICE,STOCK_QUANTITY,IMAGE_URL,BRAND) values (71,'로이체 FULL HD 마이크 내장 웹 카메라 RPC-20F + 삼각대 세트',4,29900,100,'webcam13.PNG','로이체');
Insert into MAINPROJECT.PRODUCTS (PRODUCT_ID,PRODUCT_NAME,CATEGORY_ID,PRICE,STOCK_QUANTITY,IMAGE_URL,BRAND) values (72,'OBSBOT 공식정품 Tiny 2 4K AI 스트리밍 ptz캠 ptz카메라 화상 카메라',4,469000,100,'webcam01.PNG','OBSBOT');
Insert into MAINPROJECT.PRODUCTS (PRODUCT_ID,PRODUCT_NAME,CATEGORY_ID,PRICE,STOCK_QUANTITY,IMAGE_URL,BRAND) values (73,'지클릭커 게이밍 마우스 GM-M250',1,5590,100,'mouse18.png','지클릭커');
Insert into MAINPROJECT.PRODUCTS (PRODUCT_ID,PRODUCT_NAME,CATEGORY_ID,PRICE,STOCK_QUANTITY,IMAGE_URL,BRAND) values (75,'로이체 프리미엄 RGB 노이즈 캔슬링 마이크 멀티페어링 블루투스 무선 게이밍 헤드셋 BTH-G500',6,59900,100,'headset16.PNG','로이체');
Insert into MAINPROJECT.PRODUCTS (PRODUCT_ID,PRODUCT_NAME,CATEGORY_ID,PRICE,STOCK_QUANTITY,IMAGE_URL,BRAND) values (76,'빅트랙 FHD IPS 평면 모니터',3,129000,100,'monitor03.PNG','빅트랙');
Insert into MAINPROJECT.PRODUCTS (PRODUCT_ID,PRODUCT_NAME,CATEGORY_ID,PRICE,STOCK_QUANTITY,IMAGE_URL,BRAND) values (77,'지클릭커 G3 Plus 레인보우 LED 유선 일반형 키보드',2,9500,100,'keyboard07.png','지클릭커');
Insert into MAINPROJECT.PRODUCTS (PRODUCT_ID,PRODUCT_NAME,CATEGORY_ID,PRICE,STOCK_QUANTITY,IMAGE_URL,BRAND) values (78,'에이투 USB 유선 게이밍 마우스 AG0101',1,24900,100,'mouse09.png','에이투');
Insert into MAINPROJECT.PRODUCTS (PRODUCT_ID,PRODUCT_NAME,CATEGORY_ID,PRICE,STOCK_QUANTITY,IMAGE_URL,BRAND) values (79,'에비크 4K UHD 18인치 포터블 DEX 휴대용 모니터 1.06B 색상지원',3,459000,100,'monitor17.PNG','에비크');
Insert into MAINPROJECT.PRODUCTS (PRODUCT_ID,PRODUCT_NAME,CATEGORY_ID,PRICE,STOCK_QUANTITY,IMAGE_URL,BRAND) values (80,'스틸시리즈 Arctis Nova 5 모바일 앱 연동 무선 게이밍 블루투스헤드셋',6,189050,100,'headset01.PNG','스틸시리즈');
Insert into MAINPROJECT.PRODUCTS (PRODUCT_ID,PRODUCT_NAME,CATEGORY_ID,PRICE,STOCK_QUANTITY,IMAGE_URL,BRAND) values (81,'주연테크 FHD 100Hz 화이트 모니터',3,109000,100,'monitor09.PNG','주연테크');
Insert into MAINPROJECT.PRODUCTS (PRODUCT_ID,PRODUCT_NAME,CATEGORY_ID,PRICE,STOCK_QUANTITY,IMAGE_URL,BRAND) values (82,'인켈 ARIA 무선 15W 고속충전 블루투스 미니 스피커 IK-WS3',5,99000,100,'speaker013.PNG','인켈');
Insert into MAINPROJECT.PRODUCTS (PRODUCT_ID,PRODUCT_NAME,CATEGORY_ID,PRICE,STOCK_QUANTITY,IMAGE_URL,BRAND) values (83,'로지텍 게이밍 무선 블루투스헤드셋 G435',6,92450,100,'headset17.PNG','로지텍');
Insert into MAINPROJECT.PRODUCTS (PRODUCT_ID,PRODUCT_NAME,CATEGORY_ID,PRICE,STOCK_QUANTITY,IMAGE_URL,BRAND) values (84,'로지텍 POP KEYS 무선 기계식 텐키리스 키보드 YR0080 + 한글 키스킨 + 청소솔',2,78900,100,'keyboard19.png','로지텍');
Insert into MAINPROJECT.PRODUCTS (PRODUCT_ID,PRODUCT_NAME,CATEGORY_ID,PRICE,STOCK_QUANTITY,IMAGE_URL,BRAND) values (85,'보스 QC 헤드폰 화이트스모크',6,389000,100,'headset18.PNG','보스');
Insert into MAINPROJECT.PRODUCTS (PRODUCT_ID,PRODUCT_NAME,CATEGORY_ID,PRICE,STOCK_QUANTITY,IMAGE_URL,BRAND) values (86,'COX 초경량 7.1 LED 노이즈 캔슬링 마이크 3D 헤드셋 CH42',6,27900,100,'headset06.PNG','COX');
Insert into MAINPROJECT.PRODUCTS (PRODUCT_ID,PRODUCT_NAME,CATEGORY_ID,PRICE,STOCK_QUANTITY,IMAGE_URL,BRAND) values (87,'PIXELART PA2740W 화이트 120Hz FHD IPS 27형 모니터 무결점',3,169000,100,'monitor18.PNG','픽셀아트');
Insert into MAINPROJECT.PRODUCTS (PRODUCT_ID,PRODUCT_NAME,CATEGORY_ID,PRICE,STOCK_QUANTITY,IMAGE_URL,BRAND) values (88,'TGIC컴퓨터 TGC-K1200U USB 유선 일반형 키보드',2,8000,100,'keyboard09.png','TGIC');
Insert into MAINPROJECT.PRODUCTS (PRODUCT_ID,PRODUCT_NAME,CATEGORY_ID,PRICE,STOCK_QUANTITY,IMAGE_URL,BRAND) values (89,'앱코 저소음 풀배열 멤브레인 108키 키보드',2,27820,100,'keyboard02.png','앱코');
Insert into MAINPROJECT.PRODUCTS (PRODUCT_ID,PRODUCT_NAME,CATEGORY_ID,PRICE,STOCK_QUANTITY,IMAGE_URL,BRAND) values (90,'아이리버 사운드바 스피커 IR-SB560',5,36000,100,'speaker05.PNG','아이리버');
Insert into MAINPROJECT.PRODUCTS (PRODUCT_ID,PRODUCT_NAME,CATEGORY_ID,PRICE,STOCK_QUANTITY,IMAGE_URL,BRAND) values (91,'아이리버 무소음 무선 마우스 EQwear-V10',1,14240,100,'mouse13.png','아이리버');
Insert into MAINPROJECT.PRODUCTS (PRODUCT_ID,PRODUCT_NAME,CATEGORY_ID,PRICE,STOCK_QUANTITY,IMAGE_URL,BRAND) values (92,'로지텍 무소음 무선 마우스 M331',1,26700,100,'mouse07.png','로지텍');
Insert into MAINPROJECT.PRODUCTS (PRODUCT_ID,PRODUCT_NAME,CATEGORY_ID,PRICE,STOCK_QUANTITY,IMAGE_URL,BRAND) values (93,'한성컴퓨터 WQHD 1500R 게이밍 리얼 모니터',3,299000,100,'monitor06.PNG','한성컴퓨터');
Insert into MAINPROJECT.PRODUCTS (PRODUCT_ID,PRODUCT_NAME,CATEGORY_ID,PRICE,STOCK_QUANTITY,IMAGE_URL,BRAND) values (94,'LG전자 FHD PC 모니터',3,196570,100,'monitor10.PNG','LG전자');
Insert into MAINPROJECT.PRODUCTS (PRODUCT_ID,PRODUCT_NAME,CATEGORY_ID,PRICE,STOCK_QUANTITY,IMAGE_URL,BRAND) values (95,'에이투 키5 기계식 게이밍 유선 텐키리스 키보드',2,140400,100,'keyboard08.png','에이투');
Insert into MAINPROJECT.PRODUCTS (PRODUCT_ID,PRODUCT_NAME,CATEGORY_ID,PRICE,STOCK_QUANTITY,IMAGE_URL,BRAND) values (96,'LG전자 WFHD 울트라와이드 모니터',3,239000,100,'monitor08.PNG','LG전자');
Insert into MAINPROJECT.PRODUCTS (PRODUCT_ID,PRODUCT_NAME,CATEGORY_ID,PRICE,STOCK_QUANTITY,IMAGE_URL,BRAND) values (97,'앱코 가상 7.1 RGB 진동 게이밍 헤드셋 B771',6,57920,100,'headset19.PNG','앱코');
Insert into MAINPROJECT.PRODUCTS (PRODUCT_ID,PRODUCT_NAME,CATEGORY_ID,PRICE,STOCK_QUANTITY,IMAGE_URL,BRAND) values (98,'로이체 터치램프 블루투스 스피커 BTS-250',5,19900,100,'speaker10.PNG','로이체');
Insert into MAINPROJECT.PRODUCTS (PRODUCT_ID,PRODUCT_NAME,CATEGORY_ID,PRICE,STOCK_QUANTITY,IMAGE_URL,BRAND) values (99,'삼성전자 유선 일반형 키보드 + 키스킨',2,18050,100,'keyboard04.png','삼성전자');
Insert into MAINPROJECT.PRODUCTS (PRODUCT_ID,PRODUCT_NAME,CATEGORY_ID,PRICE,STOCK_QUANTITY,IMAGE_URL,BRAND) values (100,'녹스 게이밍 헤드셋 NX-3PLUS',6,50000,100,'headset04.PNG','녹스');
Insert into MAINPROJECT.PRODUCTS (PRODUCT_ID,PRODUCT_NAME,CATEGORY_ID,PRICE,STOCK_QUANTITY,IMAGE_URL,BRAND) values (101,'아이리버 블랭크 사운드드럼 시즌2 블루투스 스피커 BTS-D1',5,32800,100,'speaker12.PNG','아이리버');
Insert into MAINPROJECT.PRODUCTS (PRODUCT_ID,PRODUCT_NAME,CATEGORY_ID,PRICE,STOCK_QUANTITY,IMAGE_URL,BRAND) values (102,'소니 노이즈캔슬링 블루투스 헤드폰 WH-100XM5',6,409250,100,'headset14.PNG','소니');
Insert into MAINPROJECT.PRODUCTS (PRODUCT_ID,PRODUCT_NAME,CATEGORY_ID,PRICE,STOCK_QUANTITY,IMAGE_URL,BRAND) values (103,'삼성전자 무소음 무선 마우스 SPA-KMA4PRB',1,17900,100,'mouse19.png','삼성전자');
Insert into MAINPROJECT.PRODUCTS (PRODUCT_ID,PRODUCT_NAME,CATEGORY_ID,PRICE,STOCK_QUANTITY,IMAGE_URL,BRAND) values (104,'브리츠 미니어처 축음기 블루투스 스피커 BA-MK150',5,28900,100,'speaker16.PNG','브리츠');
Insert into MAINPROJECT.PRODUCTS (PRODUCT_ID,PRODUCT_NAME,CATEGORY_ID,PRICE,STOCK_QUANTITY,IMAGE_URL,BRAND) values (105,'아이리버 무소음 무선 마우스 EQwear-V10',1,14240,100,'mouse05.png','아이리버 ');
Insert into MAINPROJECT.PRODUCTS (PRODUCT_ID,PRODUCT_NAME,CATEGORY_ID,PRICE,STOCK_QUANTITY,IMAGE_URL,BRAND) values (106,'소니 편한 데일리 헤드폰 WH-CH520',6,84000,100,'headset11.PNG','소니');
Insert into MAINPROJECT.PRODUCTS (PRODUCT_ID,PRODUCT_NAME,CATEGORY_ID,PRICE,STOCK_QUANTITY,IMAGE_URL,BRAND) values (107,'SCARLET 가상 7.1 RGB 진동 노이즈캔슬링 마이크 게이밍 헤드셋',6,40700,100,'headset12.PNG','COX');
Insert into MAINPROJECT.PRODUCTS (PRODUCT_ID,PRODUCT_NAME,CATEGORY_ID,PRICE,STOCK_QUANTITY,IMAGE_URL,BRAND) values (108,'한성컴퓨터 멤브레인 게이밍 유선 일반형 키보드',2,21900,100,'keyboard10.png','한성컴퓨터');
Insert into MAINPROJECT.PRODUCTS (PRODUCT_ID,PRODUCT_NAME,CATEGORY_ID,PRICE,STOCK_QUANTITY,IMAGE_URL,BRAND) values (109,'아이리버 가상7.1채널 노이즈캔슬링 ENC마이크 아이스블루LED USB 게이밍 헤드셋 EQwear-G30H Mirror',6,62700,100,'headset07.PNG','아이리버');
Insert into MAINPROJECT.PRODUCTS (PRODUCT_ID,PRODUCT_NAME,CATEGORY_ID,PRICE,STOCK_QUANTITY,IMAGE_URL,BRAND) values (110,'스피세프 USB 7.1 RGB 서라운드 컴퓨터 게이밍 마이크 헤드셋',6,35000,100,'headset08.PNG','스피세프');
Insert into MAINPROJECT.PRODUCTS (PRODUCT_ID,PRODUCT_NAME,CATEGORY_ID,PRICE,STOCK_QUANTITY,IMAGE_URL,BRAND) values (111,'KOORUI 68.5cm 평면 모니터 27인치 FHD IPS 75HZ 27N1',3,249000,100,'monitor04.PNG','쿠루이');
Insert into MAINPROJECT.PRODUCTS (PRODUCT_ID,PRODUCT_NAME,CATEGORY_ID,PRICE,STOCK_QUANTITY,IMAGE_URL,BRAND) values (112,'로이체 스누피 액자형 LED 무드등 블루투스 스피커 PNTS-PFS-A-SN',5,39900,100,'speaker19.PNG','로이체');
Insert into MAINPROJECT.PRODUCTS (PRODUCT_ID,PRODUCT_NAME,CATEGORY_ID,PRICE,STOCK_QUANTITY,IMAGE_URL,BRAND) values (113,'아이리버 블루투스 헤드폰 BS-BT101',6,39000,100,'headset13.PNG','아이리버');
Insert into MAINPROJECT.PRODUCTS (PRODUCT_ID,PRODUCT_NAME,CATEGORY_ID,PRICE,STOCK_QUANTITY,IMAGE_URL,BRAND) values (114,'DOXX 저소음 USB 유선 사무실 에서 조용히 사용가능한 키보드 DK-K102',2,9000,100,'keyboard15.png','DOXX');
Insert into MAINPROJECT.PRODUCTS (PRODUCT_ID,PRODUCT_NAME,CATEGORY_ID,PRICE,STOCK_QUANTITY,IMAGE_URL,BRAND) values (115,'지클릭커 LED 크리스탈 투명 104키 게이밍 유선 기계식 키보드',2,36800,100,'keyboard12.png','지클릭커');
Insert into MAINPROJECT.PRODUCTS (PRODUCT_ID,PRODUCT_NAME,CATEGORY_ID,PRICE,STOCK_QUANTITY,IMAGE_URL,BRAND) values (116,'로지텍 HD 웹캠 C270',4,31550,100,'webcam02.PNG','로지텍');
Insert into MAINPROJECT.PRODUCTS (PRODUCT_ID,PRODUCT_NAME,CATEGORY_ID,PRICE,STOCK_QUANTITY,IMAGE_URL,BRAND) values (117,'COX 기계식 게이밍 유선 텐키리스 키보드',2,36700,100,'keyboard11.png','COX');
Insert into MAINPROJECT.PRODUCTS (PRODUCT_ID,PRODUCT_NAME,CATEGORY_ID,PRICE,STOCK_QUANTITY,IMAGE_URL,BRAND) values (118,'TAIDU 타이두 THS320 최신 3모드 무선 게이밍 헤드셋',6,132000,100,'headset09.PNG','타이두');
Insert into MAINPROJECT.PRODUCTS (PRODUCT_ID,PRODUCT_NAME,CATEGORY_ID,PRICE,STOCK_QUANTITY,IMAGE_URL,BRAND) values (119,'QCY H2 PRO 블루투스 헤드셋',6,25000,100,'headset10.PNG','QCY');
Insert into MAINPROJECT.PRODUCTS (PRODUCT_ID,PRODUCT_NAME,CATEGORY_ID,PRICE,STOCK_QUANTITY,IMAGE_URL,BRAND) values (120,'아이리버 노이즈 캔슬링 마이크 레이보우 LED USB 게이밍 헤드셋 EQwear-G7H',6,26800,100,'headset03.PNG','아이리버');
Insert into MAINPROJECT.PRODUCTS (PRODUCT_ID,PRODUCT_NAME,CATEGORY_ID,PRICE,STOCK_QUANTITY,IMAGE_URL,BRAND) values (121,'ZIYOULANG 축교환 LED 기계식 유선 키보드 K3MAX',2,88900,100,'keyboard14.png','ZIYOULANG');
Insert into MAINPROJECT.PRODUCTS (PRODUCT_ID,PRODUCT_NAME,CATEGORY_ID,PRICE,STOCK_QUANTITY,IMAGE_URL,BRAND) values (122,'오아 아이브릭 휴대용 미니 무선 블루투스 스피커 OA-SP600',5,24800,100,'speaker06.PNG','오아');
Insert into MAINPROJECT.PRODUCTS (PRODUCT_ID,PRODUCT_NAME,CATEGORY_ID,PRICE,STOCK_QUANTITY,IMAGE_URL,BRAND) values (123,'한성컴퓨터 FHD 리얼 165 게이밍 모니터 일반',3,259000,100,'monitor07.PNG','한성컴퓨터');
Insert into MAINPROJECT.PRODUCTS (PRODUCT_ID,PRODUCT_NAME,CATEGORY_ID,PRICE,STOCK_QUANTITY,IMAGE_URL,BRAND) values (124,'레이저 KIYO X 웹캠 RZ19-0417',4,47000,100,'webcam20.PNG','레이저');
Insert into MAINPROJECT.PRODUCTS (PRODUCT_ID,PRODUCT_NAME,CATEGORY_ID,PRICE,STOCK_QUANTITY,IMAGE_URL,BRAND) values (125,'앱코 FHD 웹캠 APC900',4,57820,100,'webcam17.PNG','앱코');
Insert into MAINPROJECT.PRODUCTS (PRODUCT_ID,PRODUCT_NAME,CATEGORY_ID,PRICE,STOCK_QUANTITY,IMAGE_URL,BRAND) values (126,'홈플래닛 60.45cm FHD 리얼 165Hz 게이밍 모니터',3,149990,100,'monitor13.PNG','홈플래닛');
Insert into MAINPROJECT.PRODUCTS (PRODUCT_ID,PRODUCT_NAME,CATEGORY_ID,PRICE,STOCK_QUANTITY,IMAGE_URL,BRAND) values (127,'KOORUI 60.45cm FHD Fast IPS 리얼 165Hz 1ms(gtg) 게이밍 모니터 24E3 블랙 [프리싱크/G-sync 지원]',3,309000,100,'monitor05.PNG','쿠루이');
Insert into MAINPROJECT.PRODUCTS (PRODUCT_ID,PRODUCT_NAME,CATEGORY_ID,PRICE,STOCK_QUANTITY,IMAGE_URL,BRAND) values (128,'로지텍 스트리밍용 웹캠 VU0054',4,197690,100,'webcam12.PNG','로지텍');
Insert into MAINPROJECT.PRODUCTS (PRODUCT_ID,PRODUCT_NAME,CATEGORY_ID,PRICE,STOCK_QUANTITY,IMAGE_URL,BRAND) values (129,'로지텍 USB 유선 일반형 키보드',2,10910,100,'keyboard03.png','로지텍');
Insert into MAINPROJECT.PRODUCTS (PRODUCT_ID,PRODUCT_NAME,CATEGORY_ID,PRICE,STOCK_QUANTITY,IMAGE_URL,BRAND) values (130,'한성컴퓨터 가상 7.1채널 게이밍 헤드셋 TFG CH240',6,24900,100,'headset20.PNG','한성컴퓨터');
Insert into MAINPROJECT.PRODUCTS (PRODUCT_ID,PRODUCT_NAME,CATEGORY_ID,PRICE,STOCK_QUANTITY,IMAGE_URL,BRAND) values (131,'에이투 플로우 RGB 레인보우 블루투스 5.3 게이밍 사운드바',5,60700,100,'speaker09.PNG','에이투');
Insert into MAINPROJECT.PRODUCTS (PRODUCT_ID,PRODUCT_NAME,CATEGORY_ID,PRICE,STOCK_QUANTITY,IMAGE_URL,BRAND) values (132,'앱코 저소음 텐키리스 멤브레인 87키 키보드',2,25220,100,'keyboard13.png','앱코');
Insert into MAINPROJECT.PRODUCTS (PRODUCT_ID,PRODUCT_NAME,CATEGORY_ID,PRICE,STOCK_QUANTITY,IMAGE_URL,BRAND) values (133,'홈플래닛 방송용/수업용 HD웹캠 화상카메라 (마이크내장)',4,29900,100,'webcam03.PNG','홈플래닛');
Insert into MAINPROJECT.PRODUCTS (PRODUCT_ID,PRODUCT_NAME,CATEGORY_ID,PRICE,STOCK_QUANTITY,IMAGE_URL,BRAND) values (134,'아이플렉스 토끼 무선 마우스 WM-RABIT',1,9900,100,'mouse14.png','아이플렉스');
Insert into MAINPROJECT.PRODUCTS (PRODUCT_ID,PRODUCT_NAME,CATEGORY_ID,PRICE,STOCK_QUANTITY,IMAGE_URL,BRAND) values (135,'앱코 가상 7.1 RGB 게이밍 헤드셋 N460',6,22600,100,'headset05.PNG','앱코');
REM INSERTING into MAINPROJECT.PRODUCT_DESCRIPTIONS
SET DEFINE OFF;
REM INSERTING into MAINPROJECT.USERS
SET DEFINE OFF;
Insert into MAINPROJECT.USERS (USER_ID,USERNAME,EMAIL,PASSWORD,PHONE_NUMBER,GRADE) values (3,'test3','test3@a.a','4321','phone3','A');
Insert into MAINPROJECT.USERS (USER_ID,USERNAME,EMAIL,PASSWORD,PHONE_NUMBER,GRADE) values (1,'test1','test1@a.a','1234','phone1','ADMIN');
Insert into MAINPROJECT.USERS (USER_ID,USERNAME,EMAIL,PASSWORD,PHONE_NUMBER,GRADE) values (0,'lyw','lyw@naver.com','1234','01011111111','B');
Insert into MAINPROJECT.USERS (USER_ID,USERNAME,EMAIL,PASSWORD,PHONE_NUMBER,GRADE) values (2,'test2','test2@a.a','1234','phone2','C');
Insert into MAINPROJECT.USERS (USER_ID,USERNAME,EMAIL,PASSWORD,PHONE_NUMBER,GRADE) values (5,'yongwoon24','yongwoon22@naver.com','1234','01099856572','D');
Insert into MAINPROJECT.USERS (USER_ID,USERNAME,EMAIL,PASSWORD,PHONE_NUMBER,GRADE) values (6,'lyw123','lyw@lyw.lyw','1234','01012341234','E');
REM INSERTING into MAINPROJECT.USER_VIEWS
SET DEFINE OFF;
Insert into MAINPROJECT.USER_VIEWS (VIEW_ID,USER_ID,PRODUCT_ID,VIEWED_AT) values (1,3,3,to_date('24/09/19','RR/MM/DD'));
Insert into MAINPROJECT.USER_VIEWS (VIEW_ID,USER_ID,PRODUCT_ID,VIEWED_AT) values (2,3,3,to_date('24/09/19','RR/MM/DD'));
Insert into MAINPROJECT.USER_VIEWS (VIEW_ID,USER_ID,PRODUCT_ID,VIEWED_AT) values (3,1,1,to_date('24/09/19','RR/MM/DD'));
Insert into MAINPROJECT.USER_VIEWS (VIEW_ID,USER_ID,PRODUCT_ID,VIEWED_AT) values (4,1,1,to_date('24/09/19','RR/MM/DD'));
Insert into MAINPROJECT.USER_VIEWS (VIEW_ID,USER_ID,PRODUCT_ID,VIEWED_AT) values (5,1,1,to_date('24/09/19','RR/MM/DD'));
Insert into MAINPROJECT.USER_VIEWS (VIEW_ID,USER_ID,PRODUCT_ID,VIEWED_AT) values (6,1,1,to_date('24/09/19','RR/MM/DD'));
Insert into MAINPROJECT.USER_VIEWS (VIEW_ID,USER_ID,PRODUCT_ID,VIEWED_AT) values (7,3,3,to_date('24/09/19','RR/MM/DD'));
Insert into MAINPROJECT.USER_VIEWS (VIEW_ID,USER_ID,PRODUCT_ID,VIEWED_AT) values (8,3,3,to_date('24/09/19','RR/MM/DD'));
Insert into MAINPROJECT.USER_VIEWS (VIEW_ID,USER_ID,PRODUCT_ID,VIEWED_AT) values (9,3,3,to_date('24/09/19','RR/MM/DD'));
Insert into MAINPROJECT.USER_VIEWS (VIEW_ID,USER_ID,PRODUCT_ID,VIEWED_AT) values (10,3,3,to_date('24/09/19','RR/MM/DD'));
Insert into MAINPROJECT.USER_VIEWS (VIEW_ID,USER_ID,PRODUCT_ID,VIEWED_AT) values (11,3,3,to_date('24/09/23','RR/MM/DD'));
Insert into MAINPROJECT.USER_VIEWS (VIEW_ID,USER_ID,PRODUCT_ID,VIEWED_AT) values (12,3,3,to_date('24/09/23','RR/MM/DD'));
Insert into MAINPROJECT.USER_VIEWS (VIEW_ID,USER_ID,PRODUCT_ID,VIEWED_AT) values (13,3,3,to_date('24/09/23','RR/MM/DD'));
Insert into MAINPROJECT.USER_VIEWS (VIEW_ID,USER_ID,PRODUCT_ID,VIEWED_AT) values (14,3,12,to_date('24/09/23','RR/MM/DD'));
Insert into MAINPROJECT.USER_VIEWS (VIEW_ID,USER_ID,PRODUCT_ID,VIEWED_AT) values (15,1,1,to_date('24/09/23','RR/MM/DD'));
Insert into MAINPROJECT.USER_VIEWS (VIEW_ID,USER_ID,PRODUCT_ID,VIEWED_AT) values (16,1,2,to_date('24/09/23','RR/MM/DD'));
Insert into MAINPROJECT.USER_VIEWS (VIEW_ID,USER_ID,PRODUCT_ID,VIEWED_AT) values (17,1,2,to_date('24/09/23','RR/MM/DD'));
Insert into MAINPROJECT.USER_VIEWS (VIEW_ID,USER_ID,PRODUCT_ID,VIEWED_AT) values (18,1,2,to_date('24/09/23','RR/MM/DD'));
Insert into MAINPROJECT.USER_VIEWS (VIEW_ID,USER_ID,PRODUCT_ID,VIEWED_AT) values (19,1,9,to_date('24/09/23','RR/MM/DD'));
Insert into MAINPROJECT.USER_VIEWS (VIEW_ID,USER_ID,PRODUCT_ID,VIEWED_AT) values (20,1,9,to_date('24/09/23','RR/MM/DD'));
Insert into MAINPROJECT.USER_VIEWS (VIEW_ID,USER_ID,PRODUCT_ID,VIEWED_AT) values (21,5,7,to_date('24/09/23','RR/MM/DD'));
Insert into MAINPROJECT.USER_VIEWS (VIEW_ID,USER_ID,PRODUCT_ID,VIEWED_AT) values (22,5,7,to_date('24/09/23','RR/MM/DD'));
Insert into MAINPROJECT.USER_VIEWS (VIEW_ID,USER_ID,PRODUCT_ID,VIEWED_AT) values (23,5,11,to_date('24/09/23','RR/MM/DD'));
Insert into MAINPROJECT.USER_VIEWS (VIEW_ID,USER_ID,PRODUCT_ID,VIEWED_AT) values (24,5,11,to_date('24/09/23','RR/MM/DD'));
Insert into MAINPROJECT.USER_VIEWS (VIEW_ID,USER_ID,PRODUCT_ID,VIEWED_AT) values (25,1,1,to_date('24/09/23','RR/MM/DD'));
Insert into MAINPROJECT.USER_VIEWS (VIEW_ID,USER_ID,PRODUCT_ID,VIEWED_AT) values (26,0,6,to_date('24/09/23','RR/MM/DD'));
Insert into MAINPROJECT.USER_VIEWS (VIEW_ID,USER_ID,PRODUCT_ID,VIEWED_AT) values (27,0,6,to_date('24/09/23','RR/MM/DD'));
Insert into MAINPROJECT.USER_VIEWS (VIEW_ID,USER_ID,PRODUCT_ID,VIEWED_AT) values (28,0,13,to_date('24/09/23','RR/MM/DD'));
Insert into MAINPROJECT.USER_VIEWS (VIEW_ID,USER_ID,PRODUCT_ID,VIEWED_AT) values (29,0,13,to_date('24/09/23','RR/MM/DD'));
Insert into MAINPROJECT.USER_VIEWS (VIEW_ID,USER_ID,PRODUCT_ID,VIEWED_AT) values (30,0,2,to_date('24/09/23','RR/MM/DD'));
Insert into MAINPROJECT.USER_VIEWS (VIEW_ID,USER_ID,PRODUCT_ID,VIEWED_AT) values (31,0,6,to_date('24/09/23','RR/MM/DD'));
Insert into MAINPROJECT.USER_VIEWS (VIEW_ID,USER_ID,PRODUCT_ID,VIEWED_AT) values (32,0,6,to_date('24/09/23','RR/MM/DD'));
Insert into MAINPROJECT.USER_VIEWS (VIEW_ID,USER_ID,PRODUCT_ID,VIEWED_AT) values (33,0,6,to_date('24/09/23','RR/MM/DD'));
Insert into MAINPROJECT.USER_VIEWS (VIEW_ID,USER_ID,PRODUCT_ID,VIEWED_AT) values (34,1,5,to_date('24/09/24','RR/MM/DD'));
--------------------------------------------------------
--  DDL for Trigger TRG_BEFORE_INSERT_ORDERS
--------------------------------------------------------

  CREATE OR REPLACE TRIGGER "MAINPROJECT"."TRG_BEFORE_INSERT_ORDERS" 
BEFORE INSERT ON orders
FOR EACH ROW
BEGIN
  IF :new.order_id IS NULL THEN
    SELECT order_seq.NEXTVAL
    INTO :new.order_id
    FROM dual;
  END IF;
END;
/
ALTER TRIGGER "MAINPROJECT"."TRG_BEFORE_INSERT_ORDERS" ENABLE;
--------------------------------------------------------
--  DDL for Trigger TRG_BEFORE_INSERT_USERS
--------------------------------------------------------

  CREATE OR REPLACE TRIGGER "MAINPROJECT"."TRG_BEFORE_INSERT_USERS" 
BEFORE INSERT ON USERS
FOR EACH ROW
BEGIN
    IF :NEW.USER_ID IS NULL THEN
        SELECT user_id_seq.NEXTVAL
        INTO :NEW.USER_ID
        FROM dual;
    END IF;
END;



/
ALTER TRIGGER "MAINPROJECT"."TRG_BEFORE_INSERT_USERS" ENABLE;
--------------------------------------------------------
--  Constraints for Table ORDER_ITEMS
--------------------------------------------------------

  ALTER TABLE "MAINPROJECT"."ORDER_ITEMS" MODIFY ("ORDER_ID" NOT NULL ENABLE);
  ALTER TABLE "MAINPROJECT"."ORDER_ITEMS" MODIFY ("PRODUCT_ID" NOT NULL ENABLE);
  ALTER TABLE "MAINPROJECT"."ORDER_ITEMS" MODIFY ("PRICE" NOT NULL ENABLE);
  ALTER TABLE "MAINPROJECT"."ORDER_ITEMS" ADD PRIMARY KEY ("ORDER_ITEM_ID")
  USING INDEX PCTFREE 10 INITRANS 2 MAXTRANS 255 COMPUTE STATISTICS 
  STORAGE(INITIAL 65536 NEXT 1048576 MINEXTENTS 1 MAXEXTENTS 2147483645
  PCTINCREASE 0 FREELISTS 1 FREELIST GROUPS 1 BUFFER_POOL DEFAULT FLASH_CACHE DEFAULT CELL_FLASH_CACHE DEFAULT)
  TABLESPACE "SYSTEM"  ENABLE;
--------------------------------------------------------
--  Constraints for Table USERS
--------------------------------------------------------

  ALTER TABLE "MAINPROJECT"."USERS" MODIFY ("USERNAME" NOT NULL ENABLE);
  ALTER TABLE "MAINPROJECT"."USERS" MODIFY ("EMAIL" NOT NULL ENABLE);
  ALTER TABLE "MAINPROJECT"."USERS" MODIFY ("PASSWORD" NOT NULL ENABLE);
  ALTER TABLE "MAINPROJECT"."USERS" ADD PRIMARY KEY ("USER_ID")
  USING INDEX PCTFREE 10 INITRANS 2 MAXTRANS 255 COMPUTE STATISTICS 
  STORAGE(INITIAL 65536 NEXT 1048576 MINEXTENTS 1 MAXEXTENTS 2147483645
  PCTINCREASE 0 FREELISTS 1 FREELIST GROUPS 1 BUFFER_POOL DEFAULT FLASH_CACHE DEFAULT CELL_FLASH_CACHE DEFAULT)
  TABLESPACE "SYSTEM"  ENABLE;
  ALTER TABLE "MAINPROJECT"."USERS" ADD UNIQUE ("EMAIL")
  USING INDEX PCTFREE 10 INITRANS 2 MAXTRANS 255 COMPUTE STATISTICS 
  STORAGE(INITIAL 65536 NEXT 1048576 MINEXTENTS 1 MAXEXTENTS 2147483645
  PCTINCREASE 0 FREELISTS 1 FREELIST GROUPS 1 BUFFER_POOL DEFAULT FLASH_CACHE DEFAULT CELL_FLASH_CACHE DEFAULT)
  TABLESPACE "SYSTEM"  ENABLE;
--------------------------------------------------------
--  Constraints for Table CART_HISTORY
--------------------------------------------------------

  ALTER TABLE "MAINPROJECT"."CART_HISTORY" MODIFY ("USER_ID" NOT NULL ENABLE);
  ALTER TABLE "MAINPROJECT"."CART_HISTORY" MODIFY ("PRODUCT_ID" NOT NULL ENABLE);
  ALTER TABLE "MAINPROJECT"."CART_HISTORY" ADD CHECK (ACTION IN ('ADD', 'REMOVE')) ENABLE;
  ALTER TABLE "MAINPROJECT"."CART_HISTORY" ADD PRIMARY KEY ("CART_HISTORY_ID")
  USING INDEX PCTFREE 10 INITRANS 2 MAXTRANS 255 COMPUTE STATISTICS 
  STORAGE(INITIAL 65536 NEXT 1048576 MINEXTENTS 1 MAXEXTENTS 2147483645
  PCTINCREASE 0 FREELISTS 1 FREELIST GROUPS 1 BUFFER_POOL DEFAULT FLASH_CACHE DEFAULT CELL_FLASH_CACHE DEFAULT)
  TABLESPACE "SYSTEM"  ENABLE;
--------------------------------------------------------
--  Constraints for Table ORDERS
--------------------------------------------------------

  ALTER TABLE "MAINPROJECT"."ORDERS" MODIFY ("USER_ID" NOT NULL ENABLE);
  ALTER TABLE "MAINPROJECT"."ORDERS" ADD PRIMARY KEY ("ORDER_ID")
  USING INDEX PCTFREE 10 INITRANS 2 MAXTRANS 255 COMPUTE STATISTICS 
  STORAGE(INITIAL 65536 NEXT 1048576 MINEXTENTS 1 MAXEXTENTS 2147483645
  PCTINCREASE 0 FREELISTS 1 FREELIST GROUPS 1 BUFFER_POOL DEFAULT FLASH_CACHE DEFAULT CELL_FLASH_CACHE DEFAULT)
  TABLESPACE "SYSTEM"  ENABLE;
--------------------------------------------------------
--  Constraints for Table PRODUCTS
--------------------------------------------------------

  ALTER TABLE "MAINPROJECT"."PRODUCTS" MODIFY ("PRODUCT_NAME" NOT NULL ENABLE);
  ALTER TABLE "MAINPROJECT"."PRODUCTS" MODIFY ("PRICE" NOT NULL ENABLE);
  ALTER TABLE "MAINPROJECT"."PRODUCTS" ADD PRIMARY KEY ("PRODUCT_ID")
  USING INDEX PCTFREE 10 INITRANS 2 MAXTRANS 255 COMPUTE STATISTICS 
  STORAGE(INITIAL 65536 NEXT 1048576 MINEXTENTS 1 MAXEXTENTS 2147483645
  PCTINCREASE 0 FREELISTS 1 FREELIST GROUPS 1 BUFFER_POOL DEFAULT FLASH_CACHE DEFAULT CELL_FLASH_CACHE DEFAULT)
  TABLESPACE "SYSTEM"  ENABLE;
--------------------------------------------------------
--  Constraints for Table CART_ITEMS
--------------------------------------------------------

  ALTER TABLE "MAINPROJECT"."CART_ITEMS" ADD PRIMARY KEY ("USER_ID", "PRODUCT_ID")
  USING INDEX PCTFREE 10 INITRANS 2 MAXTRANS 255 COMPUTE STATISTICS 
  STORAGE(INITIAL 65536 NEXT 1048576 MINEXTENTS 1 MAXEXTENTS 2147483645
  PCTINCREASE 0 FREELISTS 1 FREELIST GROUPS 1 BUFFER_POOL DEFAULT FLASH_CACHE DEFAULT CELL_FLASH_CACHE DEFAULT)
  TABLESPACE "SYSTEM"  ENABLE;
--------------------------------------------------------
--  Constraints for Table PRODUCT_DESCRIPTIONS
--------------------------------------------------------

  ALTER TABLE "MAINPROJECT"."PRODUCT_DESCRIPTIONS" MODIFY ("PRODUCT_ID" NOT NULL ENABLE);
  ALTER TABLE "MAINPROJECT"."PRODUCT_DESCRIPTIONS" MODIFY ("LANGUAGE" NOT NULL ENABLE);
  ALTER TABLE "MAINPROJECT"."PRODUCT_DESCRIPTIONS" ADD PRIMARY KEY ("DESCRIPTION_ID")
  USING INDEX PCTFREE 10 INITRANS 2 MAXTRANS 255 COMPUTE STATISTICS 
  STORAGE(INITIAL 65536 NEXT 1048576 MINEXTENTS 1 MAXEXTENTS 2147483645
  PCTINCREASE 0 FREELISTS 1 FREELIST GROUPS 1 BUFFER_POOL DEFAULT FLASH_CACHE DEFAULT CELL_FLASH_CACHE DEFAULT)
  TABLESPACE "SYSTEM"  ENABLE;
--------------------------------------------------------
--  Constraints for Table USER_VIEWS
--------------------------------------------------------

  ALTER TABLE "MAINPROJECT"."USER_VIEWS" MODIFY ("USER_ID" NOT NULL ENABLE);
  ALTER TABLE "MAINPROJECT"."USER_VIEWS" MODIFY ("PRODUCT_ID" NOT NULL ENABLE);
  ALTER TABLE "MAINPROJECT"."USER_VIEWS" ADD PRIMARY KEY ("VIEW_ID")
  USING INDEX PCTFREE 10 INITRANS 2 MAXTRANS 255 COMPUTE STATISTICS 
  STORAGE(INITIAL 65536 NEXT 1048576 MINEXTENTS 1 MAXEXTENTS 2147483645
  PCTINCREASE 0 FREELISTS 1 FREELIST GROUPS 1 BUFFER_POOL DEFAULT FLASH_CACHE DEFAULT CELL_FLASH_CACHE DEFAULT)
  TABLESPACE "SYSTEM"  ENABLE;
--------------------------------------------------------
--  Constraints for Table CATEGORIES
--------------------------------------------------------

  ALTER TABLE "MAINPROJECT"."CATEGORIES" MODIFY ("CATEGORY_NAME" NOT NULL ENABLE);
  ALTER TABLE "MAINPROJECT"."CATEGORIES" ADD PRIMARY KEY ("CATEGORY_ID")
  USING INDEX PCTFREE 10 INITRANS 2 MAXTRANS 255 COMPUTE STATISTICS 
  STORAGE(INITIAL 65536 NEXT 1048576 MINEXTENTS 1 MAXEXTENTS 2147483645
  PCTINCREASE 0 FREELISTS 1 FREELIST GROUPS 1 BUFFER_POOL DEFAULT FLASH_CACHE DEFAULT CELL_FLASH_CACHE DEFAULT)
  TABLESPACE "SYSTEM"  ENABLE;
--------------------------------------------------------
--  Ref Constraints for Table CART_HISTORY
--------------------------------------------------------

  ALTER TABLE "MAINPROJECT"."CART_HISTORY" ADD FOREIGN KEY ("USER_ID")
	  REFERENCES "MAINPROJECT"."USERS" ("USER_ID") ENABLE;
  ALTER TABLE "MAINPROJECT"."CART_HISTORY" ADD FOREIGN KEY ("PRODUCT_ID")
	  REFERENCES "MAINPROJECT"."PRODUCTS" ("PRODUCT_ID") ENABLE;
--------------------------------------------------------
--  Ref Constraints for Table CART_ITEMS
--------------------------------------------------------

  ALTER TABLE "MAINPROJECT"."CART_ITEMS" ADD CONSTRAINT "FK_PRODUCT_ID" FOREIGN KEY ("PRODUCT_ID")
	  REFERENCES "MAINPROJECT"."PRODUCTS" ("PRODUCT_ID") ENABLE;
  ALTER TABLE "MAINPROJECT"."CART_ITEMS" ADD CONSTRAINT "FK_USER_ID" FOREIGN KEY ("USER_ID")
	  REFERENCES "MAINPROJECT"."USERS" ("USER_ID") ENABLE;
--------------------------------------------------------
--  Ref Constraints for Table ORDERS
--------------------------------------------------------

  ALTER TABLE "MAINPROJECT"."ORDERS" ADD FOREIGN KEY ("USER_ID")
	  REFERENCES "MAINPROJECT"."USERS" ("USER_ID") ENABLE;
--------------------------------------------------------
--  Ref Constraints for Table ORDER_ITEMS
--------------------------------------------------------

  ALTER TABLE "MAINPROJECT"."ORDER_ITEMS" ADD FOREIGN KEY ("ORDER_ID")
	  REFERENCES "MAINPROJECT"."ORDERS" ("ORDER_ID") ENABLE;
  ALTER TABLE "MAINPROJECT"."ORDER_ITEMS" ADD FOREIGN KEY ("PRODUCT_ID")
	  REFERENCES "MAINPROJECT"."PRODUCTS" ("PRODUCT_ID") ENABLE;
--------------------------------------------------------
--  Ref Constraints for Table PRODUCTS
--------------------------------------------------------

  ALTER TABLE "MAINPROJECT"."PRODUCTS" ADD FOREIGN KEY ("CATEGORY_ID")
	  REFERENCES "MAINPROJECT"."CATEGORIES" ("CATEGORY_ID") ENABLE;
--------------------------------------------------------
--  Ref Constraints for Table PRODUCT_DESCRIPTIONS
--------------------------------------------------------

  ALTER TABLE "MAINPROJECT"."PRODUCT_DESCRIPTIONS" ADD FOREIGN KEY ("PRODUCT_ID")
	  REFERENCES "MAINPROJECT"."PRODUCTS" ("PRODUCT_ID") ENABLE;
--------------------------------------------------------
--  Ref Constraints for Table USER_VIEWS
--------------------------------------------------------

  ALTER TABLE "MAINPROJECT"."USER_VIEWS" ADD FOREIGN KEY ("USER_ID")
	  REFERENCES "MAINPROJECT"."USERS" ("USER_ID") ENABLE;
  ALTER TABLE "MAINPROJECT"."USER_VIEWS" ADD FOREIGN KEY ("PRODUCT_ID")
	  REFERENCES "MAINPROJECT"."PRODUCTS" ("PRODUCT_ID") ENABLE;

alter table orders add delivery number;